SpecFile, BM1, BM2, BM3
./spec/controllers/alternate_values_controller_spec.rb, 24, 24, 24
./spec/controllers/api_controller_spec.rb, 23, 23, 22
./spec/controllers/api/images_controller_spec.rb, 20, 21, 20
./spec/controllers/api/v1/taxon_names_controller_spec.rb, 20, 20, 21
./spec/controllers/asserted_distributions_controller_spec.rb, 28, 28, 27
./spec/controllers/attributions_controller_spec.rb, 27, 25, 26
./spec/controllers/biocuration_classifications_controller_spec.rb, 24, 23, 24
./spec/controllers/character_states_controller_spec.rb, 23, 24, 23
./spec/controllers/citations_controller_spec.rb, 24, 25, 24
./spec/controllers/citation_topics_controller_spec.rb, 25, 25, 25
./spec/controllers/collecting_events_controller_spec.rb, 24, 23, 24
./spec/controllers/collection_object_observations_controller_spec.rb, 23, 23, 23
./spec/controllers/collection_objects_controller_spec.rb, 24, 25, 25
./spec/controllers/collection_profiles_controller_spec.rb, 25, 23, 23
./spec/controllers/common_names_controller_spec.rb, 23, 23, 24
./spec/controllers/confidences_controller_spec.rb, 23, 24, 24
./spec/controllers/container_items_controller_spec.rb, 24, 23, 24
./spec/controllers/containers_controller_spec.rb, 23, 22, 23
./spec/controllers/contents_controller_spec.rb, 24, 23, 24
./spec/controllers/controlled_vocabulary_terms_controller_spec.rb, 23, 23, 23
./spec/controllers/crash_test_controller_spec.rb, 23, 22, 23
./spec/controllers/dashboard_controller_spec.rb, 20, 20, 20
./spec/controllers/data_attributes_controller_spec.rb, 23, 24, 23
./spec/controllers/depictions_controller_spec.rb, 27, 27, 27
./spec/controllers/descriptors_controller_spec.rb, 23, 24, 23
./spec/controllers/documentation_controller_spec.rb, 24, 24, 24
./spec/controllers/documents_controller_spec.rb, 24, 23, 23
./spec/controllers/extracts_controller_spec.rb, 22, 23, 23
./spec/controllers/gene_attributes_controller_spec.rb, 24, 24, 24
./spec/controllers/geographic_areas_controller_spec.rb, 22, 23, 23
./spec/controllers/geographic_areas_geographic_items_controller_spec.rb, 24, 24, 24
./spec/controllers/geographic_area_types_controller_spec.rb, 23, 23, 23
./spec/controllers/geographic_items_controller_spec.rb, 22, 23, 22
./spec/controllers/georeferences_controller_spec.rb, 23, 23, 23
./spec/controllers/identifiers_controller_spec.rb, 24, 23, 23
./spec/controllers/images_controller_spec.rb, 32, 31, 32
./spec/controllers/labels_controller_spec.rb, 23, 23, 23
./spec/controllers/loan_items_controller_spec.rb, 23, 23, 24
./spec/controllers/loans_controller_spec.rb, 23, 23, 23
./spec/controllers/namespaces_controller_spec.rb, 23, 23, 23
./spec/controllers/notes_controller_spec.rb, 23, 24, 23
./spec/controllers/observation_matrices_controller_spec.rb, 23, 23, 23
./spec/controllers/observation_matrix_column_items_controller_spec.rb, 24, 24, 24
./spec/controllers/observation_matrix_columns_controller_spec.rb, 23, 23, 22
./spec/controllers/observation_matrix_row_items_controller_spec.rb, 24, 24, 24
./spec/controllers/observation_matrix_rows_controller_spec.rb, 23, 22, 23
./spec/controllers/observations_controller_spec.rb, 24, 24, 23
./spec/controllers/organizations_controller_spec.rb, 23, 23, 23
./spec/controllers/origin_relationships_controller_spec.rb, 24, 23, 24
./spec/controllers/otu_page_layouts_controller_spec.rb, 23, 23, 23
./spec/controllers/otu_page_layout_sections_controller_spec.rb, 23, 24, 23
./spec/controllers/otus_controller_spec.rb, 23, 23, 24
./spec/controllers/people_controller_spec.rb, 23, 23, 23
./spec/controllers/pinboard_items_controller_spec.rb, 23, 23, 22
./spec/controllers/project_members_controller_spec.rb, 24, 23, 24
./spec/controllers/projects_controller_spec.rb, 23, 24, 23
./spec/controllers/project_sources_controller_spec.rb, 20, 21, 20
./spec/controllers/protocol_relationships_controller_spec.rb, 24, 23, 24
./spec/controllers/protocols_controller_spec.rb, 23, 23, 23
./spec/controllers/public_contents_controller_spec.rb, 23, 24, 23
./spec/controllers/ranged_lot_categories_controller_spec.rb, 23, 23, 23
./spec/controllers/repositories_controller_spec.rb, 23, 23, 23
./spec/controllers/sequence_relationships_controller_spec.rb, 24, 23, 23
./spec/controllers/sequences_controller_spec.rb, 24, 23, 23
./spec/controllers/serial_chronologies_controller_spec.rb, 24, 23, 24
./spec/controllers/serials_controller_spec.rb, 23, 23, 23
./spec/controllers/sessions_controller_spec.rb, 22, 23, 22
./spec/controllers/sources_controller_spec.rb, 25, 24, 25
./spec/controllers/tagged_section_keywords_controller_spec.rb, 24, 23, 24
./spec/controllers/tags_controller_spec.rb, 24, 23, 23
./spec/controllers/tasks/collecting_events/parse/stepwise/lat_long_controller_spec.rb, 23, 23, 22
./spec/controllers/tasks/gis/asserted_distribution_controller_spec.rb, 23, 23, 23
./spec/controllers/tasks/gis/locality_controller_spec.rb, 23, 24, 23
./spec/controllers/tasks/gis/match_georeference_controller_spec.rb, 31, 31, 31
./spec/controllers/tasks/gis/otu_distribution_data_controller_spec.rb, 23, 22, 23
./spec/controllers/tasks/people/author_controller_spec.rb, 22, 23, 22
./spec/controllers/tasks/serials/similar_controller_spec.rb, 23, 22, 23
./spec/controllers/taxon_determinations_controller_spec.rb, 23, 24, 23
./spec/controllers/taxon_name_classifications_controller_spec.rb, 25, 25, 25
./spec/controllers/taxon_name_relationships_controller_spec.rb, 30, 30, 30
./spec/controllers/taxon_names_controller_spec.rb, 26, 25, 26
./spec/controllers/type_materials_controller_spec.rb, 33, 32, 32
./spec/controllers/users_controller_spec.rb, 25, 25, 26
./spec/features/administration_spec.rb, 25, 24, 24
./spec/features/alternate_values_spec.rb, 30, 29, 29
./spec/features/api_spec.rb, 28, 28, 27
./spec/features/api/v1/otus_spec.rb, 27, 26, 26
./spec/features/asserted_distributions_spec.rb, 56, 56, 55
./spec/features/authentication_spec.rb, 23, 22, 23
./spec/features/biocuration_classifications_spec.rb, 20, 21, 20
./spec/features/citations_spec.rb, 31, 32, 32
./spec/features/citation_topics_spec.rb, 20, 20, 20
./spec/features/collecting_events_spec.rb, 35, 34, 34
./spec/features/collection_object_observations_spec.rb, 43, 43, 44
./spec/features/collection_objects_spec.rb, 125, 126, 128
./spec/features/collection_profiles_spec.rb, 25, 25, 24
./spec/features/confidences_spec.rb, 30, 30, 30
./spec/features/container_items_spec.rb, 20, 21, 20
./spec/features/containers_spec.rb, 20, 20, 20
./spec/features/contents_spec.rb, 33, 32, 31
./spec/features/controlled_vocabulary_terms_spec.rb, 50, 51, 50
./spec/features/dashboard_spec.rb, 25, 24, 25
./spec/features/data_attributes_spec.rb, 30, 29, 30
./spec/features/exception_notification_spec.rb, 22, 21, 21
./spec/features/geographic_areas_geographic_items_spec.rb, 20, 20, 21
./spec/features/geographic_areas_spec.rb, 31, 32, 31
./spec/features/geographic_area_types_spec.rb, 21, 20, 20
./spec/features/geographic_items_spec.rb, 20, 21, 20
./spec/features/georeferences_spec.rb, 32, 33, 34
./spec/features/hub_spec.rb, 24, 25, 25
./spec/features/identifiers_spec.rb, 30, 29, 30
./spec/features/images_spec.rb, 46, 46, 46
./spec/features/loan_items_spec.rb, 21, 20, 20
./spec/features/loans_spec.rb, 32, 33, 32
./spec/features/namespaces_spec.rb, 29, 30, 29
./spec/features/notes_spec.rb, 30, 29, 30
./spec/features/otu_page_layout_sections_spec.rb, 20, 20, 20
./spec/features/otu_page_layouts_spec.rb, 25, 25, 24
./spec/features/otus_spec.rb, 65, 65, 64
./spec/features/people_spec.rb, 32, 31, 32
./spec/features/pinboards_spec.rb, 46, 46, 47
./spec/features/preparation_types_spec.rb, 29, 30, 29
./spec/features/project_members_spec.rb, 25, 25, 25
./spec/features/projects_spec.rb, 34, 34, 33
./spec/features/public_contents_spec.rb, 21, 20, 20
./spec/features/ranged_lot_categories_spec.rb, 32, 31, 31
./spec/features/repositories_spec.rb, 29, 29, 29
./spec/features/serial_chronologies_spec.rb, 20, 20, 21
./spec/features/serials_spec.rb, 30, 29, 30
./spec/features/sources_spec.rb, 81, 82, 81
./spec/features/tagged_section_keywords_spec.rb, 20, 21, 20
./spec/features/tags_spec.rb, 30, 30, 29
./spec/features/tasks/accessions/quick/ranged_lot_categories_spec.rb, 21, 20, 21
./spec/features/tasks/accessions/quick/verbatim_materials_spec.rb, 25, 26, 25
./spec/features/tasks/accessions/report/dwc_spec.rb, 43, 43, 43
./spec/features/tasks/citations/otus_spec.rb, 20, 21, 20
./spec/features/tasks/collecting_events/parse/stepwise/dates_spec.rb, 25, 25, 25
./spec/features/tasks/collecting_events/parse/stepwise/lat_long_spec.rb, 25, 25, 26
./spec/features/tasks/collection_objects/filter_spec.rb, 146, 147, 146
./spec/features/tasks/content/content_editor_spec.rb, 38, 37, 38
./spec/features/tasks/gis/locality/ce_display.html.erb_spec.rb, 24, 24, 24
./spec/features/tasks/gis/locality/gi_display.html.erb_spec.rb, 24, 24, 24
./spec/features/tasks/imports/dwca/psu_import_spec.rb, 45, 46, 46
./spec/features/tasks/otus/filter_spec.rb, 185, 185, 186
./spec/features/tasks/source_from_citation_spec.rb, 33, 33, 32
./spec/features/taxon_determinations_spec.rb, 51, 51, 51
./spec/features/taxon_name_classifications_spec.rb, 46, 47, 46
./spec/features/taxon_name_relationships_spec.rb, 39, 39, 38
./spec/features/taxon_names_spec.rb, 54, 54, 53
./spec/features/type_materials_spec.rb, 46, 46, 45
./spec/features/users_spec.rb, 38, 38, 38
./spec/helpers/citations_helper_spec.rb, 24, 23, 23
./spec/helpers/collecting_event_spec.rb, 23, 23, 23
./spec/helpers/collection_objects/biological_collection_objects_helper_spec.rb, 24, 23, 24
./spec/helpers/collection_objects_helper_spec.rb, 23, 23, 23
./spec/helpers/contents_helper_spec.rb, 23, 23, 24
./spec/helpers/controlled_vocabulary_terms_helper_spec.rb, 22, 23, 23
./spec/helpers/geographic_areas_helper_spec.rb, 23, 23, 23
./spec/helpers/loans_helper_spec.rb, 23, 23, 22
./spec/helpers/namespaces_helper_spec.rb, 23, 23, 23
./spec/helpers/otus_helper_spec.rb, 23, 23, 23
./spec/helpers/people_helper_spec.rb, 23, 23, 23
./spec/helpers/preparation_types_helper_spec.rb, 22, 23, 23
./spec/helpers/projects_helper_spec.rb, 23, 23, 23
./spec/helpers/repositories_helper_spec.rb, 23, 23, 23
./spec/helpers/serials_helper_spec.rb, 22, 23, 23
./spec/helpers/tags_helper_spec.rb, 23, 23, 23
./spec/helpers/tasks/collecting_events/parse/stepwise/lat_long_helper_spec.rb, 23, 23, 23
./spec/helpers/taxon_names_helper_spec.rb, 24, 24, 24
./spec/helpers/vendor/shortener_helper_spec.rb, 23, 23, 23
./spec/helpers/workbench/object_helper_spec.rb, 23, 23, 23
./spec/lib/application_enumeration_spec.rb, 21, 20, 21
./spec/lib/batch_load/import/collecting_events_for_gpx_spec.rb, 24, 25, 24
./spec/lib/batch_load/import/collecting_events_spec.rb, 21, 20, 21
./spec/lib/batch_load/import/collection_object_from_strings_spec.rb, 25, 26, 26
./spec/lib/batch_load/import/collection_objects_spec.rb, 70, 69, 69
./spec/lib/batch_load/import/da_for_otus_spec.rb, 40, 40, 39
./spec/lib/batch_load/import/dwca_spec.rb, 42, 41, 42
./spec/lib/batch_load/import/otus_spec.rb, 23, 24, 23
./spec/lib/batch_load/import/taxonifi_to_taxonoworks_spec.rb, 21, 20, 21
./spec/lib/dwca/gbif_profile/core_taxon_spec.rb, 32, 32, 32
./spec/lib/dwca/generator_spec.rb, 20, 21, 20
./spec/lib/dwca/import_spec.rb, 22, 21, 22
./spec/lib/dwca/packer_spec.rb, 27, 27, 26
./spec/lib/gis/geo_json_spec.rb, 30, 30, 30
./spec/lib/housekeeping/project_spec.rb, 23, 23, 23
./spec/lib/housekeeping_spec.rb, 21, 21, 20
./spec/lib/housekeeping/timestamps_spec.rb, 21, 21, 21
./spec/lib/housekeeping/user_spec.rb, 24, 23, 23
./spec/lib/latin_spec.rb, 21, 21, 20
./spec/lib/material_spec.rb, 25, 26, 25
./spec/lib/queries/biological_association/filter_spec.rb, 24, 23, 24
./spec/lib/queries/citation/filter_spec.rb, 23, 23, 23
./spec/lib/queries/collecting_event/autocomplete_spec.rb, 23, 24, 23
./spec/lib/queries/collecting_event/filter_spec.rb, 24, 24, 24
./spec/lib/queries/collection_object/filter_spec.rb, 59, 59, 60
./spec/lib/queries/confidence/filter_spec.rb, 23, 23, 22
./spec/lib/queries/controlled_vocabulary_term/autocomplete_spec.rb, 24, 23, 24
./spec/lib/queries/georeference/filter_spec.rb, 23, 24, 23
./spec/lib/queries/identifier/autocomplete_spec.rb, 24, 24, 24
./spec/lib/queries/identifier/filter_spec.rb, 24, 25, 25
./spec/lib/queries/otu/autocomplete_spec.rb, 23, 23, 22
./spec/lib/queries/otu/filter_spec.rb, 82, 80, 81
./spec/lib/queries/person/autocomplete_spec.rb, 24, 25, 24
./spec/lib/queries/person/filter_spec.rb, 27, 27, 27
./spec/lib/queries/serial/autocomplete_spec.rb, 24, 23, 24
./spec/lib/queries/source/autocomplete_spec.rb, 44, 43, 44
./spec/lib/queries/source/filter_spec.rb, 24, 24, 24
./spec/lib/queries/taxon_determination/filter_spec.rb, 24, 24, 24
./spec/lib/queries/taxon_name/autocomplete_spec.rb, 38, 37, 37
./spec/lib/random_token_spec.rb, 21, 20, 21
./spec/lib/ranks_spec.rb, 21, 22, 21
./spec/lib/settings_spec.rb, 21, 21, 21
./spec/lib/soft_validation/soft_validation_method_spec.rb, 20, 21, 21
./spec/lib/soft_validation/soft_validation_spec.rb, 20, 21, 20
./spec/lib/soft_validation/soft_validations_spec.rb, 21, 20, 21
./spec/lib/soft_validation_spec.rb, 21, 21, 20
./spec/lib/user_tasks_spec.rb, 22, 21, 21
./spec/lib/utilities/dates_spec.rb, 21, 21, 21
./spec/lib/utilities/files_spec.rb, 21, 21, 20
./spec/lib/utilities/geo_spec.rb, 21, 22, 21
./spec/lib/utilities/logic_spec.rb, 21, 20, 21
./spec/lib/utilities/net_spec.rb, 22, 23, 22
./spec/lib/vendor/biodiversity_spec.rb, 45, 45, 45
./spec/lib/vendor/paperclip_spec.rb, 23, 24, 23
./spec/lib/vendor/ref2bibtex_spec.rb, 24, 24, 24
./spec/mailers/user_mailer_spec.rb, 22, 23, 23
./spec/models/alternate_value_spec.rb, 23, 24, 23
./spec/models/alternate_value/translation_spec.rb, 23, 23, 23
./spec/models/asserted_distribution_spec.rb, 27, 26, 27
./spec/models/attribution_spec.rb, 23, 23, 23
./spec/models/biocuration_classification_spec.rb, 23, 24, 23
./spec/models/biocuration_class_spec.rb, 24, 23, 23
./spec/models/biocuration_group_spec.rb, 23, 23, 23
./spec/models/biological_associations_biological_associations_graph_spec.rb, 23, 23, 23
./spec/models/biological_associations_graph_spec.rb, 23, 23, 23
./spec/models/biological_association_spec.rb, 24, 23, 23
./spec/models/biological_property_spec.rb, 23, 23, 23
./spec/models/biological_relationship_spec.rb, 23, 23, 23
./spec/models/biological_relationship_type_spec.rb, 23, 23, 23
./spec/models/character_state_spec.rb, 24, 23, 23
./spec/models/citation_spec.rb, 27, 27, 26
./spec/models/citation_topic_spec.rb, 24, 24, 24
./spec/models/collecting_event/dates_spec.rb, 24, 24, 24
./spec/models/collecting_event/geo_spec.rb, 55, 53, 55
./spec/models/collecting_event_spec.rb, 23, 25, 24
./spec/models/collection_object/biological_collection_object_spec.rb, 28, 27, 27
./spec/models/collection_object_observation_spec.rb, 23, 22, 23
./spec/models/collection_object_spec.rb, 46, 46, 45
./spec/models/collection_profile_spec.rb, 23, 24, 23
./spec/models/collector_spec.rb, 21, 20, 21
./spec/models/combination/combination_spec.rb, 76, 77, 77
./spec/models/combination_spec.rb, 85, 85, 85
./spec/models/common_name_spec.rb, 23, 23, 23
./spec/models/concerns/shared/alternate_values_spec.rb, 24, 23, 24
./spec/models/concerns/shared/attribute_annotations_spec.rb, 23, 23, 23
./spec/models/concerns/shared/attributions_spec.rb, 24, 24, 23
./spec/models/concerns/shared/citations_spec.rb, 38, 39, 37
./spec/models/concerns/shared/confidences_spec.rb, 23, 24, 24
./spec/models/concerns/shared/containable_spec.rb, 23, 24, 23
./spec/models/concerns/shared/data_attributes_spec.rb, 24, 23, 23
./spec/models/concerns/shared/depictions_spec.rb, 25, 24, 24
./spec/models/concerns/shared/documentation_spec.rb, 24, 24, 24
./spec/models/concerns/shared/has_papertail_spec.rb, 23, 23, 23
./spec/models/concerns/shared/has_roles_spec.rb, 23, 24, 23
./spec/models/concerns/shared/identifiers_spec.rb, 24, 23, 24
./spec/models/concerns/shared/is_data/annotation_spec.rb, 23, 23, 23
./spec/models/concerns/shared/is_data/pinnable_spec.rb, 24, 23, 24
./spec/models/concerns/shared/is_data_spec.rb, 23, 23, 24
./spec/models/concerns/shared/is_dwc_occurrence_spec.rb, 23, 24, 23
./spec/models/concerns/shared/labels_spec.rb, 23, 23, 24
./spec/models/concerns/shared/loanable_spec.rb, 23, 23, 23
./spec/models/concerns/shared/notes_spec.rb, 23, 24, 23
./spec/models/concerns/shared/origin_relationship_spec.rb, 23, 24, 23
./spec/models/concerns/shared/polymorphic_annotator_spec.rb, 23, 24, 23
./spec/models/concerns/shared/protocol_relationships_spec.rb, 23, 23, 23
./spec/models/concerns/shared/random_token_fields_spec.rb, 23, 23, 23
./spec/models/concerns/shared/tags_spec.rb, 23, 24, 23
./spec/models/confidence_level_spec.rb, 25, 24, 24
./spec/models/confidence_spec.rb, 24, 23, 24
./spec/models/container_item_spec.rb, 24, 25, 25
./spec/models/container_spec.rb, 25, 25, 26
./spec/models/content_spec.rb, 24, 23, 24
./spec/models/controlled_vocabulary_term_spec.rb, 24, 23, 23
./spec/models/data_attribute_spec.rb, 25, 24, 24
./spec/models/depiction_spec.rb, 30, 30, 30
./spec/models/derived_collection_object_spec.rb, 23, 23, 24
./spec/models/descriptor/continuous_spec.rb, 23, 23, 24
./spec/models/descriptor/gene/logic_spec.rb, 24, 24, 24
./spec/models/descriptor/gene/sequences_spec.rb, 26, 27, 27
./spec/models/descriptor/gene_spec.rb, 24, 24, 24
./spec/models/descriptor/presence_spec.rb, 21, 21, 20
./spec/models/descriptor/qualitative_spec.rb, 24, 23, 23
./spec/models/descriptor_spec.rb, 23, 24, 23
./spec/models/determiner_spec.rb, 23, 23, 23
./spec/models/documentation_spec.rb, 23, 24, 23
./spec/models/document_spec.rb, 25, 25, 25
./spec/models/dwc_occurrence_spec.rb, 25, 25, 24
./spec/models/extract_spec.rb, 24, 23, 24
./spec/models/gene_attribute_spec.rb, 23, 23, 24
./spec/models/geographic_areas_geographic_item_spec.rb, 23, 24, 23
./spec/models/geographic_area_spec.rb, 36, 36, 36
./spec/models/geographic_area_type_spec.rb, 23, 23, 24
./spec/models/geographic_item/anti_meridian_spec.rb, 24, 23, 24
./spec/models/geographic_item/geometry_collection_spec.rb, 24, 24, 23
./spec/models/geographic_item/line_string_spec.rb, 24, 23, 23
./spec/models/geographic_item/multi_line_string_spec.rb, 23, 24, 23
./spec/models/geographic_item/multi_point_spec.rb, 24, 23, 23
./spec/models/geographic_item/multi_polygon_spec.rb, 23, 23, 23
./spec/models/geographic_item/point_spec.rb, 23, 24, 23
./spec/models/geographic_item/polygon_spec.rb, 23, 24, 23
./spec/models/geographic_item_spec.rb, 65, 63, 66
./spec/models/georeference/geo_locate_spec.rb, 25, 25, 25
./spec/models/georeference/gpx_spec.rb, 23, 23, 24
./spec/models/georeference_spec.rb, 29, 30, 30
./spec/models/georeference/verbatim_data_spec.rb, 24, 23, 24
./spec/models/hybrid_spec.rb, 26, 26, 26
./spec/models/identifier/global/doi_spec.rb, 23, 24, 23
./spec/models/identifier/global/gen_bank_accession_code_spec.rb, 23, 24, 23
./spec/models/identifier/global/isbn_spec.rb, 23, 25, 25
./spec/models/identifier/global/issn_spec.rb, 23, 24, 23
./spec/models/identifier/global/lccn_spec.rb, 23, 24, 23
./spec/models/identifier/global/lsid_spec.rb, 24, 23, 23
./spec/models/identifier/global/morphbank_specimen_number_spec.rb, 24, 23, 23
./spec/models/identifier/global/occurrence_id_spec.rb, 23, 24, 23
./spec/models/identifier/global/orcid_spec.rb, 23, 24, 23
./spec/models/identifier/global_spec.rb, 24, 25, 24
./spec/models/identifier/global/uri_spec.rb, 24, 23, 23
./spec/models/identifier/global/uuid_spec.rb, 24, 23, 24
./spec/models/identifier/local_spec.rb, 25, 24, 24
./spec/models/identifier_spec.rb, 24, 24, 25
./spec/models/image_spec.rb, 27, 27, 27
./spec/models/import_attribute_spec.rb, 24, 23, 23
./spec/models/internal_attribute_spec.rb, 24, 24, 23
./spec/models/keyword_spec.rb, 24, 25, 24
./spec/models/label_spec.rb, 23, 23, 23
./spec/models/language_spec.rb, 24, 23, 24
./spec/models/loan_item_spec.rb, 25, 25, 25
./spec/models/loan_spec.rb, 24, 25, 25
./spec/models/lot_spec.rb, 23, 23, 24
./spec/models/namespace_spec.rb, 24, 24, 24
./spec/models/nomenclatural_rank_spec.rb, 30, 31, 30
./spec/models/note_spec.rb, 24, 23, 24
./spec/models/observation/continuous_spec.rb, 23, 24, 23
./spec/models/observation_matrix_column_item/single_descriptor_spec.rb, 24, 24, 24
./spec/models/observation_matrix_column_item_spec.rb, 25, 24, 25
./spec/models/observation_matrix_column_item/tagged_descriptor_spec.rb, 28, 28, 28
./spec/models/observation_matrix_column_spec.rb, 24, 23, 24
./spec/models/observation_matrix_row_item/single_collection_object_spec.rb, 24, 24, 24
./spec/models/observation_matrix_row_item/single_otu_spec.rb, 24, 24, 24
./spec/models/observation_matrix_row_item_spec.rb, 25, 25, 25
./spec/models/observation_matrix_row_item/tagged_row_item_spec.rb, 30, 30, 30
./spec/models/observation_matrix_row_spec.rb, 24, 24, 24
./spec/models/observation_matrix_spec.rb, 23, 24, 24
./spec/models/observation/presence_absence_spec.rb, 24, 23, 23
./spec/models/observation/qualitative_spec.rb, 24, 24, 23
./spec/models/observation/sample_spec.rb, 24, 23, 24
./spec/models/observation_spec.rb, 23, 24, 24
./spec/models/organization_spec.rb, 24, 23, 23
./spec/models/origin_relationship_spec.rb, 24, 23, 24
./spec/models/otu_page_layout_section/dynamic_section_spec.rb, 21, 21, 21
./spec/models/otu_page_layout_section_spec.rb, 23, 24, 23
./spec/models/otu_page_layout_section/standard_section_spec.rb, 21, 21, 21
./spec/models/otu_page_layout_section/tagged_section_spec.rb, 22, 21, 21
./spec/models/otu_page_layout_spec.rb, 23, 23, 24
./spec/models/otu_spec.rb, 31, 30, 30
./spec/models/person/authored_taxon_names_spec.rb, 24, 24, 25
./spec/models/person/merge_spec.rb, 33, 34, 34
./spec/models/person_spec.rb, 50, 51, 51
./spec/models/person/years_spec.rb, 29, 34, 28
./spec/models/pinboard_item_spec.rb, 28, 27, 27
./spec/models/predicate_spec.rb, 28, 25, 26
./spec/models/preparation_type_spec.rb, 31, 32, 30
./spec/models/project_member_spec.rb, 29, 30, 30
./spec/models/project/preferences_spec.rb, 31, 30, 27
./spec/models/project_source_spec.rb, 27, 25, 29
./spec/models/project_spec.rb, 33, 29, 33
./spec/models/protocol_relationship_spec.rb, 27, 25, 28
./spec/models/protocol_spec.rb, 25, 23, 24
./spec/models/protonym_spec.rb, 29, 30, 30
./spec/models/protonym_specs/associations_spec.rb, 25, 26, 26
./spec/models/protonym_specs/authorship_spec.rb, 26, 27, 28
./spec/models/protonym_specs/methods_spec.rb, 36, 34, 35
./spec/models/protonym_specs/miscellaneous_spec.rb, 26, 24, 24
./spec/models/protonym_specs/name_spec.rb, 23, 24, 24
./spec/models/protonym_specs/original_combinations_spec.rb, 47, 48, 48
./spec/models/protonym_specs/scopes_spec.rb, 29, 29, 29
./spec/models/protonym_specs/soft_validation_spec.rb, 218, 216, 217
./spec/models/public_content_spec.rb, 24, 23, 23
./spec/models/ranged_lot_category_spec.rb, 23, 23, 24
./spec/models/ranged_lot_spec.rb, 21, 21, 20
./spec/models/repository_spec.rb, 24, 23, 24
./spec/models/role_spec.rb, 25, 25, 25
./spec/models/sequence/querying_spec.rb, 25, 25, 25
./spec/models/sequence_relationship_spec.rb, 23, 23, 23
./spec/models/sequence_spec.rb, 24, 24, 24
./spec/models/serial_chronology/serial_merge_spec.rb, 21, 21, 21
./spec/models/serial_chronology/serial_sequence_spec.rb, 21, 21, 21
./spec/models/serial_chronology_spec.rb, 23, 24, 23
./spec/models/serial_spec.rb, 24, 24, 25
./spec/models/source/bibtex_spec.rb, 43, 44, 43
./spec/models/source/cached_spec.rb, 26, 26, 26
./spec/models/source/human_spec.rb, 25, 25, 25
./spec/models/source_spec.rb, 26, 26, 25
./spec/models/source/verbatim_spec.rb, 26, 24, 23
./spec/models/specimen_spec.rb, 24, 23, 23
./spec/models/sqed_depiction_spec.rb, 25, 25, 24
./spec/models/tagged_section_keyword_spec.rb, 24, 23, 23
./spec/models/tag_spec.rb, 25, 25, 25
./spec/models/taxon_determination_spec.rb, 24, 24, 23
./spec/models/taxon_name_author_spec.rb, 21, 21, 21
./spec/models/taxon_name_classification_spec.rb, 27, 27, 28
./spec/models/taxon_name_relationship/combination_spec.rb, 23, 23, 23
./spec/models/taxon_name_relationship/hybrid_spec.rb, 25, 24, 25
./spec/models/taxon_name_relationship/original_combination_spec.rb, 24, 23, 23
./spec/models/taxon_name_relationship_spec.rb, 100, 98, 100
./spec/models/taxon_name_spec.rb, 76, 76, 78
./spec/models/taxon_name_specs/authorship_spec.rb, 25, 25, 25
./spec/models/taxon_name_specs/awesome_nested_set_spec.rb, 26, 25, 26
./spec/models/taxon_name_specs/basic_protonym_spec.rb, 24, 24, 25
./spec/models/taxon_name_specs/cached_spec.rb, 60, 60, 59
./spec/models/taxon_name_specs/gender_spec.rb, 29, 29, 29
./spec/models/topic_spec.rb, 23, 23, 23
./spec/models/type_material_spec.rb, 31, 30, 31
./spec/models/user/preferences_spec.rb, 23, 23, 24
./spec/models/user_spec.rb, 25, 25, 25
./spec/models/vendor/papertrail_spec.rb, 24, 23, 23
./spec/routing/alternate_values_routing_spec.rb, 22, 21, 21
./spec/routing/asserted_distributions_routing_spec.rb, 22, 21, 22
./spec/routing/attributions_routing_spec.rb, 21, 22, 21
./spec/routing/biocuration_classifications_routing_spec.rb, 22, 21, 22
./spec/routing/citations_routing_spec.rb, 21, 22, 21
./spec/routing/citation_topics_routing_spec.rb, 22, 21, 22
./spec/routing/collecting_events_routing_spec.rb, 21, 21, 22
./spec/routing/collection_object_observations_routing_spec.rb, 21, 22, 21
./spec/routing/collection_objects_routing_spec.rb, 22, 21, 21
./spec/routing/collection_profiles_routing_spec.rb, 22, 21, 22
./spec/routing/common_names_routing_spec.rb, 22, 21, 21
./spec/routing/confidences_routing_spec.rb, 22, 22, 21
./spec/routing/contents_routing_spec.rb, 22, 21, 22
./spec/routing/controlled_vocabulary_terms_routing_spec.rb, 21, 21, 22
./spec/routing/crash_test_routing_spec.rb, 22, 21, 22
./spec/routing/data_attributes_routing_spec.rb, 21, 22, 21
./spec/routing/depictions_routing_spec.rb, 22, 21, 22
./spec/routing/descriptors_routing_spec.rb, 21, 22, 21
./spec/routing/documentation_routing_spec.rb, 22, 21, 22
./spec/routing/documents_routing_spec.rb, 21, 22, 21
./spec/routing/extracts_routing_spec.rb, 22, 21, 22
./spec/routing/gene_attributes_routing_spec.rb, 21, 22, 21
./spec/routing/geographic_areas_geographic_items_routing_spec.rb, 22, 21, 22
./spec/routing/geographic_areas_routing_spec.rb, 21, 22, 21
./spec/routing/geographic_area_types_routing_spec.rb, 22, 21, 22
./spec/routing/geographic_items_routing_spec.rb, 21, 22, 22
./spec/routing/georeferences_routing_spec.rb, 21, 22, 21
./spec/routing/identifiers_routing_spec.rb, 21, 22, 21
./spec/routing/images_routing_spec.rb, 22, 22, 21
./spec/routing/labels_routing_spec.rb, 21, 22, 22
./spec/routing/loan_items_routing_spec.rb, 21, 21, 21
./spec/routing/loans_routing_spec.rb, 22, 22, 21
./spec/routing/namespaces_routing_spec.rb, 22, 21, 21
./spec/routing/notes_routing_spec.rb, 22, 22, 21
./spec/routing/observation_matrices_routing_spec.rb, 21, 22, 21
./spec/routing/observation_matrix_column_items_routing_spec.rb, 22, 22, 21
./spec/routing/observation_matrix_columns_routing_spec.rb, 22, 21, 21
./spec/routing/observation_matrix_row_items_routing_spec.rb, 22, 22, 21
./spec/routing/observation_matrix_rows_routing_spec.rb, 22, 21, 22
./spec/routing/observations_routing_spec.rb, 21, 22, 21
./spec/routing/organizations_routing_spec.rb, 22, 21, 22
./spec/routing/origin_relationships_routing_spec.rb, 22, 21, 22
./spec/routing/otu_page_layout_sections_routing_spec.rb, 21, 22, 21
./spec/routing/otu_page_layouts_routing_spec.rb, 22, 21, 21
./spec/routing/otus_routing_spec.rb, 22, 21, 22
./spec/routing/people_routing_spec.rb, 22, 21, 22
./spec/routing/pinboard_items_routing_spec.rb, 21, 22, 22
./spec/routing/projects_routing_spec.rb, 22, 21, 22
./spec/routing/protocol_relationships_routing_spec.rb, 21, 22, 21
./spec/routing/protocols_routing_spec.rb, 22, 22, 21
./spec/routing/public_contents_routing_spec.rb, 22, 21, 22
./spec/routing/ranged_lot_categories_routing_spec.rb, 21, 22, 22
./spec/routing/repositories_routing_spec.rb, 21, 22, 21
./spec/routing/routes/api_routing_spec.rb, 22, 22, 21
./spec/routing/sequence_relationships_routing_spec.rb, 22, 22, 21
./spec/routing/sequences_routing_spec.rb, 22, 22, 21
./spec/routing/serial_chronologies_routing_spec.rb, 22, 22, 21
./spec/routing/serials_routing_spec.rb, 22, 21, 22
./spec/routing/sessions_routing_spec.rb, 22, 21, 22
./spec/routing/sources_routing_spec.rb, 22, 21, 22
./spec/routing/tagged_section_keywords_routing_spec.rb, 21, 22, 22
./spec/routing/tags_routing_spec.rb, 21, 22, 21
./spec/routing/taxon_determinations_routing_spec.rb, 22, 22, 21
./spec/routing/taxon_name_classifications_routing_spec.rb, 22, 21, 22
./spec/routing/taxon_name_relationships_routing_spec.rb, 22, 21, 22
./spec/routing/taxon_names_routing_spec.rb, 21, 22, 22
./spec/routing/type_materials_routing_spec.rb, 21, 22, 22
./spec/routing/users_routing_spec.rb, 21, 22, 22
./spec/taxonworks/factory_linting_spec.rb, 21, 21, 21
./spec/taxonworks/soft_validation_linting_spec.rb, 22, 21, 22
./spec/taxonworks/taxon_works_models_spec.rb, 22, 22, 22
./spec/validators/date_day_validator_spec.rb, 22, 21, 21
./spec/validators/date_month_validator_spec.rb, 21, 21, 22
./spec/validators/date_time_validator_spec.rb, 21, 21, 21
./spec/validators/date_year_validator_spec.rb, 21, 21, 21
./spec/validators/time_hour_validator_spec.rb, 22, 21, 21
./spec/validators/time_minute_validator_spec.rb, 21, 21, 22
./spec/validators/time_second_validator_spec.rb, 21, 21, 21
./spec/views/api/v1/taxon_names/all_rabl_spec.rb, 29, 29, 28
./spec/views/users/edit.html.erb_spec.rb, 22, 21, 21
./spec/views/users/forgot_password.html.erb_spec.rb, 21, 21, 22
./spec/views/users/new.html.erb_spec.rb, 21, 21, 21
./spec/views/users/send_password_reset.html.erb_spec.rb, 21, 21, 21
./spec/views/users/show.html.erb_spec.rb, 22, 21, 21
