taxonID,isExtinct,livingPeriod
1152749,"FALSE",
1152750,"TRUE","unspecified"
1152751,"TRUE","unspecified"
1152752,"TRUE","unspecified"
1152753,"TRUE","unspecified"
1152754,"TRUE","unspecified"
1152755,"TRUE","unspecified"
1152756,"TRUE","unspecified"
1152757,"TRUE","unspecified"
1152758,"TRUE","unspecified"
1152759,"TRUE","unspecified"
1152760,"TRUE","unspecified"
1152761,"TRUE","unspecified"
1152762,"TRUE","unspecified"
1152763,"FALSE",
1152764,"FALSE",
1152765,"FALSE",
1152766,"FALSE",
1152767,"FALSE",
1152768,"FALSE",
1152769,"FALSE",
1152770,"FALSE",
1152771,"TRUE","unspecified"
1152772,"TRUE","unspecified"
1152773,"TRUE","unspecified"
1152774,"TRUE","unspecified"
1152775,"TRUE","unspecified"
1152776,"TRUE","unspecified"
1152777,"FALSE",
1152778,"TRUE","Pennsylvanian"
1152779,"TRUE","Pennsylvanian"
1152780,"TRUE","Pennsylvanian"
1152781,"TRUE","unspecified"
1152782,"TRUE","unspecified"
1152783,"FALSE",
1152784,"FALSE",
1152785,"FALSE",
1152786,"FALSE",
1152787,"FALSE",
1152788,"FALSE",
1152789,"FALSE",
1152790,"FALSE",
1152791,"FALSE",
1152792,"FALSE",
1152793,"FALSE",
1152794,"FALSE",
1152795,"FALSE",
1152796,"FALSE",
1152797,"FALSE",
1152798,"FALSE",
1152799,"FALSE",
1152800,"FALSE",
1152801,"FALSE",
1152802,"FALSE",
1152803,"FALSE",
1152804,"FALSE",
1152805,"FALSE",
1152806,"FALSE",
1152807,"FALSE",
1152808,"FALSE",
1152809,"FALSE",
1152810,"FALSE",
1152811,"FALSE",
1152812,"FALSE",
1152813,"FALSE",
1152814,"FALSE",
1152815,"FALSE",
1152816,"FALSE",
1152817,"FALSE",
1152818,"FALSE",
1152819,"FALSE",
1152820,"FALSE",
1152821,"FALSE",
1152822,"FALSE",
1152823,"FALSE",
1152824,"FALSE",
1152825,"FALSE",
1152826,"FALSE",
1152827,"TRUE","unspecified"
1152828,"TRUE","unspecified"
1152829,"TRUE","unspecified"
1152830,"TRUE","unspecified"
1152831,"TRUE","unspecified"
1152832,"FALSE",
1152833,"FALSE",
1152834,"FALSE",
1152835,"FALSE",
1152836,"FALSE",
1152837,"FALSE",
1152838,"FALSE",
1152839,"FALSE",
1152840,"FALSE",
1152841,"FALSE",
1152842,"FALSE",
1152843,"FALSE",
1152844,"FALSE",
1152845,"FALSE",
1152846,"FALSE",
1152847,"FALSE",
1152848,"FALSE",
1152849,"FALSE",
1152850,"FALSE",
1152851,"FALSE",
1152852,"FALSE",
1152853,"FALSE",
1152854,"FALSE",
1152855,"FALSE",
1152856,"FALSE",
1152857,"FALSE",
1152858,"FALSE",
1152859,"FALSE",
1152860,"FALSE",
1152861,"FALSE",
1152862,"FALSE",
1152863,"FALSE",
1152864,"FALSE",
1152865,"FALSE",
1152866,"FALSE",
1152867,"FALSE",
1152868,"FALSE",
1152869,"FALSE",
1152870,"FALSE",
1152871,"FALSE",
1152872,"FALSE",
1152873,"FALSE",
1152874,"FALSE",
1152875,"FALSE",
1152876,"FALSE",
1152877,"FALSE",
1152878,"FALSE",
1152879,"FALSE",
1152880,"FALSE",
1152881,"FALSE",
1152882,"FALSE",
1152883,"FALSE",
1152884,"FALSE",
1152885,"FALSE",
1152886,"FALSE",
1152887,"FALSE",
1152888,"FALSE",
1152889,"FALSE",
1152890,"FALSE",
1152891,"FALSE",
1152892,"FALSE",
1152893,"FALSE",
1152894,"FALSE",
1152895,"FALSE",
1152896,"FALSE",
1152897,"FALSE",
1152898,"FALSE",
1152899,"FALSE",
1152900,"FALSE",
1152901,"FALSE",
1152902,"FALSE",
1152903,"FALSE",
1152904,"FALSE",
1152905,"FALSE",
1152906,"FALSE",
1152907,"FALSE",
1152908,"FALSE",
1152909,"FALSE",
1152910,"FALSE",
1152911,"FALSE",
1152912,"FALSE",
1152913,"FALSE",
1152914,"FALSE",
1152915,"FALSE",
1152916,"FALSE",
1152917,"FALSE",
1152918,"FALSE",
1152919,"FALSE",
1152920,"FALSE",
1152921,"FALSE",
1152922,"FALSE",
1152923,"FALSE",
1152924,"FALSE",
1152925,"FALSE",
1152926,"FALSE",
1152927,"FALSE",
1152928,"FALSE",
1152929,"FALSE",
1152930,"FALSE",
1152931,"FALSE",
1152932,"FALSE",
1152933,"FALSE",
1152934,"FALSE",
1152935,"FALSE",
1152936,"FALSE",
1152937,"FALSE",
1152938,"FALSE",
1152939,"FALSE",
1152940,"FALSE",
1152941,"FALSE",
1152942,"FALSE",
1152943,"FALSE",
1152944,"FALSE",
1152945,"FALSE",
1152946,"FALSE",
1152947,"FALSE",
1152948,"FALSE",
1152949,"FALSE",
1152950,"FALSE",
1152951,"FALSE",
1152952,"FALSE",
1152953,"FALSE",
1152954,"FALSE",
1152955,"FALSE",
1152956,"FALSE",
1152957,"FALSE",
1152958,"FALSE",
1152959,"FALSE",
1152960,"FALSE",
1152961,"FALSE",
1152962,"FALSE",
1152963,"FALSE",
1152964,"FALSE",
1152965,"FALSE",
1152966,"FALSE",
1152967,"FALSE",
1152968,"FALSE",
1152969,"FALSE",
1152970,"FALSE",
1152971,"FALSE",
1152972,"FALSE",
1152973,"FALSE",
1152974,"FALSE",
1152975,"FALSE",
1152976,"FALSE",
1152977,"FALSE",
1152978,"FALSE",
1152979,"FALSE",
1152980,"FALSE",
1152981,"FALSE",
1152982,"FALSE",
1152983,"FALSE",
1152984,"FALSE",
1152985,"FALSE",
1152986,"FALSE",
1152987,"FALSE",
1152988,"FALSE",
1152989,"FALSE",
1152990,"FALSE",
1152991,"FALSE",
1152992,"FALSE",
1152993,"FALSE",
1152994,"FALSE",
1152995,"FALSE",
1152996,"FALSE",
1152997,"FALSE",
1152998,"FALSE",
1152999,"FALSE",
1153000,"FALSE",
1153001,"FALSE",
1153002,"FALSE",
1153003,"FALSE",
1153004,"FALSE",
1153005,"FALSE",
1153006,"FALSE",
1153007,"FALSE",
1153008,"FALSE",
1153009,"FALSE",
1153010,"FALSE",
1153011,"FALSE",
1153012,"FALSE",
1153013,"FALSE",
1153014,"FALSE",
1153015,"FALSE",
1153016,"FALSE",
1153017,"FALSE",
1153018,"FALSE",
1153019,"FALSE",
1153020,"FALSE",
1153021,"FALSE",
1153022,"FALSE",
1153023,"FALSE",
1153024,"FALSE",
1153025,"FALSE",
1153026,"FALSE",
1153027,"FALSE",
1153028,"FALSE",
1153029,"FALSE",
1153030,"FALSE",
1153031,"FALSE",
1153032,"FALSE",
1153033,"FALSE",
1153034,"FALSE",
1153035,"FALSE",
1153036,"FALSE",
1153037,"FALSE",
1153038,"FALSE",
1153039,"FALSE",
1153040,"FALSE",
1153041,"FALSE",
1153042,"FALSE",
1153043,"FALSE",
1153044,"FALSE",
1153045,"FALSE",
1153046,"FALSE",
1153047,"FALSE",
1153048,"FALSE",
1153049,"FALSE",
1153050,"FALSE",
1153051,"FALSE",
1153052,"FALSE",
1153053,"FALSE",
1153054,"FALSE",
1153055,"FALSE",
1153056,"FALSE",
1153057,"FALSE",
1153058,"FALSE",
1153059,"FALSE",
1153060,"FALSE",
1153061,"FALSE",
1153062,"FALSE",
1153063,"FALSE",
1153064,"FALSE",
1153065,"FALSE",
1153066,"FALSE",
1153067,"FALSE",
1153068,"FALSE",
1153069,"FALSE",
1153070,"FALSE",
1153071,"FALSE",
1153072,"FALSE",
1153073,"FALSE",
1153074,"FALSE",
1153075,"FALSE",
1153076,"FALSE",
1153077,"FALSE",
1153078,"FALSE",
1153079,"FALSE",
1153080,"FALSE",
1153081,"FALSE",
1153082,"FALSE",
1153083,"FALSE",
1153084,"FALSE",
1153085,"FALSE",
1153086,"FALSE",
1153087,"FALSE",
1153088,"FALSE",
1153089,"FALSE",
1153090,"FALSE",
1153091,"FALSE",
1153092,"FALSE",
1153093,"FALSE",
1153094,"FALSE",
1153095,"FALSE",
1153096,"FALSE",
1153097,"FALSE",
1153098,"FALSE",
1153099,"FALSE",
1153100,"FALSE",
1153101,"FALSE",
1153102,"FALSE",
1153103,"FALSE",
1153104,"FALSE",
1153105,"FALSE",
1153106,"FALSE",
1153107,"FALSE",
1153108,"FALSE",
1153109,"FALSE",
1153110,"FALSE",
1153111,"FALSE",
1153112,"FALSE",
1153113,"FALSE",
1153114,"FALSE",
1153115,"FALSE",
1153116,"FALSE",
1153117,"FALSE",
1153118,"FALSE",
1153119,"FALSE",
1153120,"FALSE",
1153121,"FALSE",
1153122,"FALSE",
1153123,"FALSE",
1153124,"FALSE",
1153125,"FALSE",
1153126,"FALSE",
1153128,"FALSE",
1153129,"FALSE",
1153130,"FALSE",
1153131,"FALSE",
1153132,"FALSE",
1153133,"FALSE",
1153134,"FALSE",
1153135,"FALSE",
1153136,"FALSE",
1153137,"FALSE",
1153139,"FALSE",
1153141,"FALSE",
1153142,"FALSE",
1153143,"FALSE",
1153145,"FALSE",
1153146,"FALSE",
1153147,"FALSE",
1153148,"FALSE",
1153149,"FALSE",
1153150,"FALSE",
1153151,"FALSE",
1153152,"FALSE",
1153153,"FALSE",
1153154,"FALSE",
1153155,"FALSE",
1153156,"FALSE",
1153157,"FALSE",
1153158,"FALSE",
1153159,"FALSE",
1153160,"FALSE",
1153161,"FALSE",
1153162,"FALSE",
1153163,"FALSE",
1153164,"FALSE",
1153165,"FALSE",
1153166,"FALSE",
1153167,"FALSE",
1153168,"FALSE",
1153169,"FALSE",
1153170,"FALSE",
1153171,"FALSE",
1153172,"FALSE",
1153173,"FALSE",
1153174,"FALSE",
1153176,"FALSE",
1153177,"FALSE",
1153178,"FALSE",
1153179,"FALSE",
1153180,"FALSE",
1153181,"FALSE",
1153182,"FALSE",
1153183,"FALSE",
1153184,"FALSE",
1153185,"FALSE",
1153186,"FALSE",
1153187,"FALSE",
1153188,"FALSE",
1153189,"FALSE",
1153190,"FALSE",
1153191,"FALSE",
1153192,"FALSE",
1153193,"FALSE",
1153194,"FALSE",
1153195,"FALSE",
1153196,"FALSE",
1153197,"FALSE",
1153198,"FALSE",
1153199,"FALSE",
1153201,"FALSE",
1153202,"FALSE",
1153203,"FALSE",
1153204,"FALSE",
1153205,"FALSE",
1153206,"FALSE",
1153207,"FALSE",
1153208,"FALSE",
1153209,"FALSE",
1153210,"FALSE",
1153211,"FALSE",
1153212,"FALSE",
1153213,"FALSE",
1153214,"FALSE",
1153215,"FALSE",
1153216,"FALSE",
1153217,"FALSE",
1153218,"FALSE",
1153219,"FALSE",
1153220,"FALSE",
1153221,"FALSE",
1153222,"FALSE",
1153223,"FALSE",
1153224,"FALSE",
1153225,"FALSE",
1153226,"FALSE",
1153227,"FALSE",
1153228,"FALSE",
1153229,"FALSE",
1153230,"FALSE",
1153231,"FALSE",
1153232,"FALSE",
1153233,"FALSE",
1153239,"FALSE",
1153240,"FALSE",
1153241,"TRUE","unspecified"
1153242,"TRUE","unspecified"
1153243,"TRUE","unspecified"
1153244,"TRUE","unspecified"
1153245,"TRUE","unspecified"
1153246,"TRUE","unspecified"
1153247,"TRUE","unspecified"
1153248,"TRUE","unspecified"
1153249,"TRUE","unspecified"
1153250,"TRUE","unspecified"
1153251,"TRUE","unspecified"
1153252,"TRUE","unspecified"
1153253,"TRUE","unspecified"
1153254,"TRUE","unspecified"
1153255,"TRUE","unspecified"
1153256,"TRUE","unspecified"
1153257,"TRUE","unspecified"
1153258,"TRUE","unspecified"
1153259,"TRUE","unspecified"
1153260,"TRUE","unspecified"
1153261,"TRUE","unspecified"
1153262,"TRUE","unspecified"
1153263,"TRUE","unspecified"
1153264,"TRUE","unspecified"
1153265,"TRUE","unspecified"
1153266,"TRUE","Triassic"
1153267,"TRUE","Triassic"
1153268,"TRUE","unspecified"
1153269,"TRUE","Triassic"
1153270,"TRUE","Triassic"
1153271,"TRUE","unspecified"
1153272,"TRUE","unspecified"
1153273,"TRUE","unspecified"
1153274,"TRUE","unspecified"
1153275,"TRUE","unspecified"
1153276,"TRUE","unspecified"
1153277,"TRUE","unspecified"
1153278,"TRUE","unspecified"
1153279,"TRUE","unspecified"
1153280,"TRUE","unspecified"
1153281,"FALSE",
1153282,"FALSE",
1153283,"FALSE",
1153284,"FALSE",
1153285,"FALSE",
1153286,"FALSE",
1153287,"FALSE",
1153288,"FALSE",
1153289,"FALSE",
1153290,"FALSE",
1153291,"FALSE",
1153292,"FALSE",
1153293,"FALSE",
1153294,"FALSE",
1153295,"FALSE",
1153296,"FALSE",
1153297,"FALSE",
1153298,"FALSE",
1153299,"FALSE",
1153300,"FALSE",
1153301,"FALSE",
1153302,"FALSE",
1153303,"FALSE",
1153304,"FALSE",
1153305,"FALSE",
1153306,"FALSE",
1153307,"FALSE",
1153308,"FALSE",
1153309,"FALSE",
1153310,"FALSE",
1153311,"FALSE",
1153312,"FALSE",
1153313,"FALSE",
1153314,"FALSE",
1153315,"FALSE",
1153316,"FALSE",
1153317,"FALSE",
1153318,"FALSE",
1153319,"FALSE",
1153320,"FALSE",
1153321,"FALSE",
1153322,"FALSE",
1153323,"FALSE",
1153324,"FALSE",
1153325,"TRUE","unspecified"
1153326,"TRUE","unspecified"
1153327,"FALSE",
1153328,"FALSE",
1153329,"FALSE",
1153330,"FALSE",
1153331,"FALSE",
1153332,"FALSE",
1153333,"FALSE",
1153334,"FALSE",
1153335,"FALSE",
1153336,"FALSE",
1153337,"FALSE",
1153338,"FALSE",
1153339,"FALSE",
1153341,"FALSE",
1153342,"TRUE","unspecified"
1153343,"TRUE","unspecified"
1153344,"TRUE","unspecified"
1153345,"TRUE","unspecified"
1153346,"TRUE","unspecified"
1153347,"TRUE","unspecified"
1153348,"TRUE","unspecified"
1153349,"TRUE","unspecified"
1153350,"TRUE","unspecified"
1153351,"TRUE","unspecified"
1153352,"TRUE","unspecified"
1153353,"TRUE","unspecified"
1153354,"TRUE","unspecified"
1153355,"TRUE","unspecified"
1153356,"TRUE","unspecified"
1153357,"TRUE","unspecified"
1153358,"TRUE","unspecified"
1153359,"TRUE","unspecified"
1153360,"TRUE","unspecified"
1153361,"TRUE","unspecified"
1153362,"TRUE","unspecified"
1153363,"TRUE","unspecified"
1153364,"TRUE","unspecified"
1153365,"TRUE","unspecified"
1153366,"TRUE","unspecified"
1153367,"TRUE","unspecified"
1153368,"TRUE","unspecified"
1153369,"TRUE","unspecified"
1153370,"TRUE","unspecified"
1153371,"TRUE","unspecified"
1153372,"TRUE","unspecified"
1153373,"TRUE","unspecified"
1153374,"TRUE","unspecified"
1153375,"TRUE","unspecified"
1153376,"TRUE","unspecified"
1153377,"TRUE","unspecified"
1153378,"TRUE","Cretaceous"
1153379,"TRUE","unspecified"
1153380,"TRUE","Cretaceous"
1153381,"TRUE","unspecified"
1153382,"TRUE","unspecified"
1153383,"TRUE","unspecified"
1153384,"TRUE","unspecified"
1153385,"TRUE","unspecified"
1153386,"TRUE","unspecified"
1153387,"TRUE","unspecified"
1153388,"TRUE","unspecified"
1153389,"TRUE","unspecified"
1153390,"TRUE","unspecified"
1153391,"TRUE","unspecified"
1153392,"TRUE","unspecified"
1153393,"TRUE","unspecified"
1153394,"TRUE","unspecified"
1153395,"TRUE","unspecified"
1153396,"TRUE","unspecified"
1153397,"TRUE","unspecified"
1153398,"TRUE","unspecified"
1153399,"TRUE","unspecified"
1153400,"TRUE","Jurassic"
1153401,"TRUE","Jurassic"
1153402,"TRUE","unspecified"
1153403,"TRUE","unspecified"
1153404,"TRUE","unspecified"
1153405,"TRUE","unspecified"
1153406,"TRUE","unspecified"
1153407,"TRUE","unspecified"
1153408,"TRUE","unspecified"
1153409,"TRUE","unspecified"
1153410,"TRUE","unspecified"
1153411,"TRUE","unspecified"
1153412,"TRUE","unspecified"
1153413,"TRUE","unspecified"
1153414,"TRUE","unspecified"
1153415,"TRUE","unspecified"
1153416,"TRUE","unspecified"
1153417,"TRUE","unspecified"
1153418,"TRUE","unspecified"
1153419,"TRUE","unspecified"
1153420,"TRUE","unspecified"
1153421,"TRUE","unspecified"
1153422,"TRUE","unspecified"
1153423,"TRUE","unspecified"
1153424,"TRUE","unspecified"
1153425,"TRUE","unspecified"
1153426,"TRUE","unspecified"
1153427,"TRUE","unspecified"
1153428,"TRUE","unspecified"
1153429,"TRUE","unspecified"
1153430,"TRUE","unspecified"
1153431,"TRUE","unspecified"
1153432,"TRUE","unspecified"
1153433,"TRUE","unspecified"
1153434,"TRUE","unspecified"
1153435,"TRUE","unspecified"
1153436,"TRUE","unspecified"
1153437,"FALSE",
1153438,"FALSE",
1153439,"FALSE",
1153440,"FALSE",
1153441,"FALSE",
1153442,"FALSE",
1153443,"FALSE",
1153444,"FALSE",
1153445,"FALSE",
1153446,"FALSE",
1153447,"FALSE",
1153448,"FALSE",
1153449,"FALSE",
1153450,"FALSE",
1153451,"FALSE",
1153452,"FALSE",
1153453,"FALSE",
1153454,"FALSE",
1153455,"FALSE",
1153456,"FALSE",
1153457,"FALSE",
1153458,"FALSE",
1153459,"FALSE",
1153460,"FALSE",
1153461,"FALSE",
1153462,"FALSE",
1153463,"FALSE",
1153464,"FALSE",
1153465,"FALSE",
1153466,"FALSE",
1153467,"FALSE",
1153468,"FALSE",
1153469,"FALSE",
1153470,"FALSE",
1153471,"FALSE",
1153472,"FALSE",
1153473,"FALSE",
1153474,"FALSE",
1153475,"FALSE",
1153476,"FALSE",
1153477,"FALSE",
1153478,"FALSE",
1153479,"FALSE",
1153480,"FALSE",
1153481,"FALSE",
1153482,"FALSE",
1153483,"FALSE",
1153484,"FALSE",
1153485,"FALSE",
1153486,"FALSE",
1153487,"FALSE",
1153488,"FALSE",
1153489,"FALSE",
1153490,"FALSE",
1153491,"FALSE",
1153492,"FALSE",
1153493,"FALSE",
1153494,"FALSE",
1153495,"FALSE",
1153496,"FALSE",
1153497,"FALSE",
1153498,"FALSE",
1153499,"FALSE",
1153500,"FALSE",
1153501,"FALSE",
1153502,"FALSE",
1153503,"FALSE",
1153504,"FALSE",
1153505,"FALSE",
1153506,"FALSE",
1153507,"FALSE",
1153508,"FALSE",
1153509,"FALSE",
1153510,"FALSE",
1153511,"FALSE",
1153512,"FALSE",
1153513,"FALSE",
1153514,"FALSE",
1153515,"FALSE",
1153516,"FALSE",
1153517,"FALSE",
1153518,"FALSE",
1153519,"FALSE",
1153520,"FALSE",
1153521,"FALSE",
1153522,"FALSE",
1153523,"FALSE",
1153524,"FALSE",
1153525,"FALSE",
1153526,"FALSE",
1153527,"FALSE",
1153528,"FALSE",
1153529,"FALSE",
1153530,"FALSE",
1153531,"FALSE",
1153532,"FALSE",
1153533,"FALSE",
1153534,"FALSE",
1153535,"FALSE",
1153536,"FALSE",
1153537,"FALSE",
1153538,"FALSE",
1153539,"FALSE",
1153540,"FALSE",
1153541,"FALSE",
1153542,"FALSE",
1153543,"FALSE",
1153544,"FALSE",
1153545,"FALSE",
1153546,"FALSE",
1153547,"FALSE",
1153548,"FALSE",
1153549,"FALSE",
1153550,"FALSE",
1153551,"FALSE",
1153552,"FALSE",
1153553,"FALSE",
1153554,"FALSE",
1153555,"FALSE",
1153556,"FALSE",
1153557,"FALSE",
1153558,"FALSE",
1153559,"FALSE",
1153560,"FALSE",
1153561,"FALSE",
1153562,"FALSE",
1153563,"FALSE",
1153564,"FALSE",
1153565,"FALSE",
1153566,"FALSE",
1153567,"FALSE",
1153568,"FALSE",
1153569,"FALSE",
1153570,"FALSE",
1153571,"FALSE",
1153572,"FALSE",
1153573,"FALSE",
1153574,"FALSE",
1153575,"FALSE",
1153576,"FALSE",
1153577,"FALSE",
1153578,"FALSE",
1153579,"FALSE",
1153580,"FALSE",
1153581,"FALSE",
1153582,"FALSE",
1153583,"FALSE",
1153584,"FALSE",
1153585,"FALSE",
1153586,"FALSE",
1153587,"FALSE",
1153588,"FALSE",
1153589,"FALSE",
1153590,"FALSE",
1153591,"FALSE",
1153592,"FALSE",
1153593,"FALSE",
1153594,"FALSE",
1153595,"FALSE",
1153596,"FALSE",
1153597,"FALSE",
1153598,"FALSE",
1153599,"FALSE",
1153600,"FALSE",
1153601,"FALSE",
1153602,"FALSE",
1153603,"FALSE",
1153604,"FALSE",
1153605,"FALSE",
1153606,"FALSE",
1153607,"FALSE",
1153608,"FALSE",
1153609,"FALSE",
1153610,"FALSE",
1153611,"FALSE",
1153612,"FALSE",
1153613,"FALSE",
1153614,"FALSE",
1153615,"FALSE",
1153616,"FALSE",
1153617,"FALSE",
1153618,"FALSE",
1153619,"FALSE",
1153620,"FALSE",
1153621,"FALSE",
1153622,"FALSE",
1153623,"FALSE",
1153624,"FALSE",
1153625,"FALSE",
1153626,"FALSE",
1153627,"FALSE",
1153628,"FALSE",
1153629,"FALSE",
1153630,"FALSE",
1153631,"FALSE",
1153632,"FALSE",
1153633,"FALSE",
1153634,"FALSE",
1153635,"FALSE",
1153636,"FALSE",
1153637,"FALSE",
1153638,"FALSE",
1153639,"FALSE",
1153640,"FALSE",
1153641,"FALSE",
1153642,"FALSE",
1153643,"FALSE",
1153644,"FALSE",
1153645,"FALSE",
1153646,"FALSE",
1153647,"FALSE",
1153648,"FALSE",
1153649,"FALSE",
1153650,"FALSE",
1153651,"FALSE",
1153652,"FALSE",
1153653,"FALSE",
1153654,"FALSE",
1153655,"FALSE",
1153656,"FALSE",
1153657,"FALSE",
1153658,"FALSE",
1153659,"FALSE",
1153660,"FALSE",
1153661,"FALSE",
1153662,"FALSE",
1153663,"FALSE",
1153664,"FALSE",
1153665,"FALSE",
1153666,"FALSE",
1153667,"FALSE",
1153668,"FALSE",
1153669,"FALSE",
1153670,"FALSE",
1153671,"FALSE",
1153672,"FALSE",
1153673,"FALSE",
1153674,"FALSE",
1153675,"FALSE",
1153676,"FALSE",
1153677,"FALSE",
1153678,"FALSE",
1153679,"FALSE",
1153680,"FALSE",
1153681,"FALSE",
1153682,"FALSE",
1153683,"FALSE",
1153684,"FALSE",
1153685,"FALSE",
1153686,"FALSE",
1153687,"FALSE",
1153688,"FALSE",
1153689,"FALSE",
1153690,"FALSE",
1153691,"FALSE",
1153692,"FALSE",
1153693,"FALSE",
1153694,"FALSE",
1153695,"FALSE",
1153696,"FALSE",
1153697,"FALSE",
1153698,"FALSE",
1153699,"FALSE",
1153700,"FALSE",
1153701,"FALSE",
1153702,"FALSE",
1153703,"FALSE",
1153704,"FALSE",
1153705,"FALSE",
1153706,"FALSE",
1153707,"FALSE",
1153708,"FALSE",
1153709,"FALSE",
1153710,"FALSE",
1153711,"FALSE",
1153712,"FALSE",
1153713,"FALSE",
1153714,"FALSE",
1153715,"FALSE",
1153716,"FALSE",
1153717,"FALSE",
1153718,"FALSE",
1153719,"FALSE",
1153720,"FALSE",
1153721,"FALSE",
1153722,"FALSE",
1153723,"FALSE",
1153724,"FALSE",
1153725,"FALSE",
1153726,"FALSE",
1153727,"FALSE",
1153728,"FALSE",
1153729,"FALSE",
1153730,"FALSE",
1153731,"FALSE",
1153732,"FALSE",
1153733,"FALSE",
1153734,"FALSE",
1153735,"FALSE",
1153736,"FALSE",
1153737,"FALSE",
1153738,"FALSE",
1153739,"FALSE",
1153740,"FALSE",
1153741,"FALSE",
1153742,"FALSE",
1153743,"FALSE",
1153744,"FALSE",
1153745,"FALSE",
1153746,"FALSE",
1153747,"FALSE",
1153748,"FALSE",
1153749,"FALSE",
1153750,"FALSE",
1153751,"FALSE",
1153752,"FALSE",
1153753,"FALSE",
1153754,"FALSE",
1153755,"FALSE",
1153756,"FALSE",
1153757,"FALSE",
1153758,"FALSE",
1153759,"FALSE",
1153760,"FALSE",
1153761,"FALSE",
1153762,"FALSE",
1153763,"FALSE",
1153764,"FALSE",
1153765,"FALSE",
1153766,"FALSE",
1153767,"FALSE",
1153768,"FALSE",
1153769,"FALSE",
1153770,"FALSE",
1153771,"FALSE",
1153772,"FALSE",
1153773,"FALSE",
1153774,"FALSE",
1153775,"FALSE",
1153776,"FALSE",
1153777,"FALSE",
1153778,"FALSE",
1153779,"FALSE",
1153780,"FALSE",
1153781,"FALSE",
1153782,"FALSE",
1153783,"FALSE",
1153784,"FALSE",
1153785,"FALSE",
1153786,"FALSE",
1153787,"FALSE",
1153788,"FALSE",
1153789,"FALSE",
1153790,"FALSE",
1153791,"FALSE",
1153792,"FALSE",
1153793,"FALSE",
1153794,"FALSE",
1153795,"FALSE",
1153796,"FALSE",
1153797,"FALSE",
1153798,"FALSE",
1153799,"FALSE",
1153800,"FALSE",
1153801,"FALSE",
1153802,"FALSE",
1153803,"FALSE",
1153804,"FALSE",
1153805,"FALSE",
1153806,"FALSE",
1153807,"FALSE",
1153808,"FALSE",
1153809,"FALSE",
1153810,"FALSE",
1153811,"FALSE",
1153812,"FALSE",
1153813,"FALSE",
1153814,"FALSE",
1153815,"FALSE",
1153816,"FALSE",
1153817,"FALSE",
1153818,"FALSE",
1153819,"FALSE",
1153822,"FALSE",
1153823,"FALSE",
1153824,"FALSE",
1153825,"FALSE",
1153826,"FALSE",
1153827,"FALSE",
1153828,"FALSE",
1153829,"FALSE",
1153830,"FALSE",
1153831,"FALSE",
1153832,"FALSE",
1153833,"FALSE",
1153834,"FALSE",
1153835,"FALSE",
1153836,"FALSE",
1153837,"FALSE",
1153838,"FALSE",
1153839,"FALSE",
1153840,"FALSE",
1153841,"FALSE",
1153842,"FALSE",
1153843,"FALSE",
1153844,"FALSE",
1153845,"FALSE",
1153846,"FALSE",
1153847,"FALSE",
1153848,"FALSE",
1153849,"FALSE",
1153850,"FALSE",
1153851,"FALSE",
1153852,"FALSE",
1153853,"FALSE",
1153854,"FALSE",
1153855,"FALSE",
1153856,"FALSE",
1153857,"FALSE",
1153858,"FALSE",
1153859,"FALSE",
1153860,"FALSE",
1153861,"FALSE",
1153862,"FALSE",
1153863,"FALSE",
1153864,"FALSE",
1153865,"FALSE",
1153866,"FALSE",
1153867,"FALSE",
1153868,"FALSE",
1153869,"FALSE",
1153870,"FALSE",
1153871,"FALSE",
1153872,"FALSE",
1153873,"FALSE",
1153874,"FALSE",
1153875,"FALSE",
1153876,"FALSE",
1153877,"FALSE",
1153878,"FALSE",
1153879,"FALSE",
1153880,"FALSE",
1153881,"FALSE",
1153882,"FALSE",
1153883,"FALSE",
1153884,"FALSE",
1153885,"FALSE",
1153886,"FALSE",
1153887,"FALSE",
1153888,"FALSE",
1153889,"FALSE",
1153890,"FALSE",
1153891,"FALSE",
1153892,"FALSE",
1153893,"FALSE",
1153894,"FALSE",
1153895,"FALSE",
1153896,"FALSE",
1153897,"FALSE",
1153898,"FALSE",
1153899,"FALSE",
1153900,"FALSE",
1153901,"FALSE",
1153902,"FALSE",
1153903,"FALSE",
1153904,"FALSE",
1153905,"FALSE",
1153906,"FALSE",
1153907,"FALSE",
1153908,"FALSE",
1153909,"FALSE",
1153910,"FALSE",
1153911,"FALSE",
1153912,"FALSE",
1153913,"FALSE",
1153914,"FALSE",
1153915,"FALSE",
1153916,"FALSE",
1153917,"FALSE",
1153918,"FALSE",
1153919,"FALSE",
1153920,"FALSE",
1153921,"FALSE",
1153922,"FALSE",
1153923,"FALSE",
1153924,"FALSE",
1153925,"FALSE",
1153926,"FALSE",
1153927,"FALSE",
1153928,"FALSE",
1153929,"FALSE",
1153930,"FALSE",
1153931,"FALSE",
1153932,"FALSE",
1153933,"FALSE",
1153934,"FALSE",
1153935,"FALSE",
1153936,"FALSE",
1153937,"FALSE",
1153938,"FALSE",
1153939,"FALSE",
1153940,"FALSE",
1153941,"FALSE",
1153942,"FALSE",
1153943,"FALSE",
1153944,"FALSE",
1153945,"FALSE",
1153946,"FALSE",
1153947,"FALSE",
1153948,"FALSE",
1153949,"FALSE",
1153950,"FALSE",
1153951,"FALSE",
1153952,"FALSE",
1153953,"FALSE",
1153954,"FALSE",
1153955,"FALSE",
1153956,"FALSE",
1153957,"FALSE",
1153958,"FALSE",
1153959,"FALSE",
1153960,"FALSE",
1153961,"FALSE",
1153962,"FALSE",
1153963,"FALSE",
1153964,"FALSE",
1153965,"FALSE",
1153966,"FALSE",
1153967,"FALSE",
1153968,"FALSE",
1153969,"FALSE",
1153970,"FALSE",
1153971,"FALSE",
1153972,"FALSE",
1153973,"FALSE",
1153974,"FALSE",
1153975,"FALSE",
1153977,"FALSE",
1153978,"FALSE",
1153979,"FALSE",
1153980,"FALSE",
1153981,"FALSE",
1153982,"FALSE",
1153983,"FALSE",
1153984,"FALSE",
1153985,"FALSE",
1153986,"FALSE",
1153987,"FALSE",
1153988,"FALSE",
1153989,"FALSE",
1153990,"FALSE",
1153991,"FALSE",
1153992,"FALSE",
1153993,"FALSE",
1153994,"FALSE",
1153995,"FALSE",
1153996,"FALSE",
1153997,"FALSE",
1153998,"FALSE",
1153999,"FALSE",
1154000,"FALSE",
1154001,"FALSE",
1154002,"FALSE",
1154003,"FALSE",
1154004,"FALSE",
1154005,"FALSE",
1154006,"FALSE",
1154007,"FALSE",
1154008,"FALSE",
1154009,"FALSE",
1154010,"FALSE",
1154011,"FALSE",
1154012,"FALSE",
1154013,"FALSE",
1154014,"FALSE",
1154015,"FALSE",
1154016,"FALSE",
1154017,"FALSE",
1154018,"FALSE",
1154019,"FALSE",
1154020,"FALSE",
1154021,"FALSE",
1154022,"FALSE",
1154023,"FALSE",
1154024,"FALSE",
1154025,"FALSE",
1154026,"FALSE",
1154027,"FALSE",
1154028,"FALSE",
1154029,"FALSE",
1154030,"FALSE",
1154031,"FALSE",
1154032,"FALSE",
1154033,"FALSE",
1154034,"FALSE",
1154035,"FALSE",
1154036,"FALSE",
1154037,"FALSE",
1154038,"FALSE",
1154039,"FALSE",
1154040,"FALSE",
1154041,"FALSE",
1154042,"FALSE",
1154043,"FALSE",
1154044,"FALSE",
1154045,"FALSE",
1154046,"FALSE",
1154047,"FALSE",
1154048,"FALSE",
1154049,"FALSE",
1154050,"FALSE",
1154051,"FALSE",
1154052,"FALSE",
1154053,"FALSE",
1154054,"FALSE",
1154055,"FALSE",
1154056,"FALSE",
1154057,"FALSE",
1154058,"FALSE",
1154059,"FALSE",
1154060,"FALSE",
1154061,"FALSE",
1154062,"FALSE",
1154063,"FALSE",
1154064,"FALSE",
1154065,"FALSE",
1154066,"FALSE",
1154067,"FALSE",
1154068,"FALSE",
1154069,"FALSE",
1154070,"FALSE",
1154071,"FALSE",
1154072,"FALSE",
1154073,"FALSE",
1154074,"FALSE",
1154075,"FALSE",
1154076,"FALSE",
1154077,"FALSE",
1154078,"FALSE",
1154079,"FALSE",
1154080,"FALSE",
1154081,"FALSE",
1154082,"FALSE",
1154083,"FALSE",
1154084,"FALSE",
1154085,"FALSE",
1154086,"FALSE",
1154087,"FALSE",
1154088,"FALSE",
1154089,"FALSE",
1154090,"FALSE",
1154091,"FALSE",
1154092,"FALSE",
1154093,"FALSE",
1154094,"FALSE",
1154095,"FALSE",
1154096,"FALSE",
1154097,"FALSE",
1154098,"FALSE",
1154099,"FALSE",
1154100,"FALSE",
1154101,"FALSE",
1154102,"FALSE",
1154103,"FALSE",
1154104,"FALSE",
1154105,"FALSE",
1154106,"FALSE",
1154107,"FALSE",
1154108,"FALSE",
1154109,"FALSE",
1154110,"FALSE",
1154111,"FALSE",
1154112,"FALSE",
1154113,"FALSE",
1154114,"FALSE",
1154115,"FALSE",
1154116,"FALSE",
1154117,"FALSE",
1154118,"FALSE",
1154119,"FALSE",
1154120,"FALSE",
1154121,"FALSE",
1154122,"FALSE",
1154123,"FALSE",
1154124,"FALSE",
1154125,"FALSE",
1154126,"FALSE",
1154127,"FALSE",
1154128,"FALSE",
1154129,"FALSE",
1154130,"FALSE",
1154131,"FALSE",
1154132,"FALSE",
1154133,"FALSE",
1154134,"FALSE",
1154135,"FALSE",
1154136,"FALSE",
1154137,"FALSE",
1154138,"FALSE",
1154139,"FALSE",
1154140,"FALSE",
1154141,"FALSE",
1154142,"FALSE",
1154143,"FALSE",
1154144,"FALSE",
1154145,"FALSE",
1154146,"FALSE",
1154147,"FALSE",
1154148,"FALSE",
1154149,"FALSE",
1154150,"FALSE",
1154151,"FALSE",
1154152,"FALSE",
1154153,"FALSE",
1154154,"FALSE",
1154155,"FALSE",
1154156,"FALSE",
1154157,"FALSE",
1154158,"FALSE",
1154159,"FALSE",
1154160,"FALSE",
1154161,"FALSE",
1154162,"FALSE",
1154163,"FALSE",
1154164,"FALSE",
1154165,"FALSE",
1154166,"FALSE",
1154167,"FALSE",
1154168,"FALSE",
1154169,"FALSE",
1154170,"FALSE",
1154171,"FALSE",
1154172,"FALSE",
1154173,"FALSE",
1154174,"FALSE",
1154175,"FALSE",
1154176,"FALSE",
1154177,"FALSE",
1154178,"FALSE",
1154179,"FALSE",
1154180,"FALSE",
1154181,"FALSE",
1154182,"FALSE",
1154183,"FALSE",
1154184,"FALSE",
1154185,"FALSE",
1154186,"FALSE",
1154187,"FALSE",
1154188,"FALSE",
1154189,"FALSE",
1154190,"FALSE",
1154191,"FALSE",
1154193,"FALSE",
1154194,"FALSE",
1154195,"FALSE",
1154196,"FALSE",
1154197,"FALSE",
1154198,"FALSE",
1154199,"FALSE",
1154200,"FALSE",
1154201,"FALSE",
1154202,"FALSE",
1154203,"FALSE",
1154204,"FALSE",
1154205,"FALSE",
1154206,"FALSE",
1154207,"FALSE",
1154208,"FALSE",
1154209,"FALSE",
1154210,"FALSE",
1154211,"FALSE",
1154212,"FALSE",
1154213,"FALSE",
1154214,"FALSE",
1154215,"FALSE",
1154216,"FALSE",
1154217,"FALSE",
1154219,"FALSE",
1154220,"FALSE",
1154221,"FALSE",
1154222,"FALSE",
1154223,"FALSE",
1154225,"FALSE",
1154226,"FALSE",
1154227,"FALSE",
1154228,"FALSE",
1154229,"FALSE",
1154230,"FALSE",
1154232,"FALSE",
1154233,"FALSE",
1154234,"FALSE",
1154235,"FALSE",
1154236,"FALSE",
1154237,"FALSE",
1154238,"FALSE",
1154239,"FALSE",
1154240,"FALSE",
1154241,"FALSE",
1154242,"FALSE",
1154243,"FALSE",
1154244,"FALSE",
1154246,"FALSE",
1154247,"FALSE",
1154248,"FALSE",
1154250,"FALSE",
1154251,"FALSE",
1154253,"FALSE",
1154254,"FALSE",
1154255,"FALSE",
1154256,"FALSE",
1154258,"FALSE",
1154259,"FALSE",
1154260,"FALSE",
1154261,"FALSE",
1154262,"FALSE",
1154263,"FALSE",
1154264,"FALSE",
1154265,"FALSE",
1154266,"FALSE",
1154267,"FALSE",
1154268,"FALSE",
1154269,"FALSE",
1154270,"FALSE",
1154271,"FALSE",
1154272,"FALSE",
1154273,"FALSE",
1154274,"FALSE",
1154275,"FALSE",
1154276,"FALSE",
1154277,"FALSE",
1154278,"FALSE",
1154279,"FALSE",
1154280,"FALSE",
1154281,"FALSE",
1154282,"FALSE",
1154283,"FALSE",
1154284,"FALSE",
1154285,"FALSE",
1154286,"FALSE",
1154287,"FALSE",
1154288,"FALSE",
1154289,"FALSE",
1154290,"FALSE",
1154291,"FALSE",
1154292,"FALSE",
1154293,"FALSE",
1154294,"FALSE",
1154295,"FALSE",
1154296,"FALSE",
1154297,"FALSE",
1154298,"FALSE",
1154299,"FALSE",
1154300,"FALSE",
1154301,"FALSE",
1154302,"FALSE",
1154303,"FALSE",
1154304,"FALSE",
1154305,"FALSE",
1154306,"FALSE",
1154307,"FALSE",
1154308,"FALSE",
1154309,"FALSE",
1154310,"FALSE",
1154311,"FALSE",
1154312,"FALSE",
1154313,"FALSE",
1154314,"FALSE",
1154315,"FALSE",
1154316,"FALSE",
1154317,"FALSE",
1154318,"FALSE",
1154319,"FALSE",
1154320,"FALSE",
1154321,"FALSE",
1154322,"FALSE",
1154323,"FALSE",
1154324,"FALSE",
1154325,"FALSE",
1154326,"FALSE",
1154327,"FALSE",
1154328,"FALSE",
1154329,"FALSE",
1154330,"FALSE",
1154331,"FALSE",
1154332,"FALSE",
1154333,"FALSE",
1154334,"FALSE",
1154335,"FALSE",
1154336,"FALSE",
1154337,"FALSE",
1154338,"FALSE",
1154339,"FALSE",
1154340,"FALSE",
1154341,"FALSE",
1154342,"FALSE",
1154343,"FALSE",
1154344,"FALSE",
1154345,"FALSE",
1154346,"FALSE",
1154347,"FALSE",
1154348,"FALSE",
1154349,"FALSE",
1154350,"FALSE",
1154351,"FALSE",
1154352,"FALSE",
1154353,"FALSE",
1154354,"FALSE",
1154355,"FALSE",
1154356,"FALSE",
1154357,"FALSE",
1154358,"FALSE",
1154359,"FALSE",
1154360,"FALSE",
1154361,"FALSE",
1154362,"FALSE",
1154363,"FALSE",
1154364,"FALSE",
1154365,"FALSE",
1154366,"FALSE",
1154367,"FALSE",
1154368,"FALSE",
1154369,"FALSE",
1154370,"FALSE",
1154371,"FALSE",
1154372,"FALSE",
1154373,"FALSE",
1154374,"FALSE",
1154375,"FALSE",
1154376,"FALSE",
1154377,"FALSE",
1154378,"FALSE",
1154379,"FALSE",
1154380,"FALSE",
1154381,"FALSE",
1154382,"FALSE",
1154383,"FALSE",
1154384,"FALSE",
1154385,"FALSE",
1154386,"FALSE",
1154387,"FALSE",
1154388,"FALSE",
1154389,"FALSE",
1154390,"FALSE",
1154391,"FALSE",
1154392,"FALSE",
1154393,"FALSE",
1154394,"FALSE",
1154395,"FALSE",
1154396,"FALSE",
1154397,"FALSE",
1154398,"FALSE",
1154399,"FALSE",
1154400,"FALSE",
1154401,"FALSE",
1154402,"FALSE",
1154403,"FALSE",
1154404,"FALSE",
1154405,"FALSE",
1154406,"FALSE",
1154407,"FALSE",
1154408,"FALSE",
1154409,"FALSE",
1154410,"FALSE",
1154411,"FALSE",
1154412,"FALSE",
1154413,"FALSE",
1154414,"FALSE",
1154415,"FALSE",
1154416,"FALSE",
1154417,"FALSE",
1154418,"FALSE",
1154419,"FALSE",
1154420,"FALSE",
1154421,"FALSE",
1154422,"FALSE",
1154423,"FALSE",
1154424,"FALSE",
1154425,"FALSE",
1154426,"FALSE",
1154427,"FALSE",
1154428,"FALSE",
1154429,"FALSE",
1154430,"FALSE",
1154431,"FALSE",
1154432,"FALSE",
1154433,"FALSE",
1154434,"TRUE","Jurassic"
1154435,"TRUE","unspecified"
1154436,"TRUE","Jurassic"
1154437,"FALSE",
1154438,"FALSE",
1154439,"FALSE",
1154440,"FALSE",
1154441,"FALSE",
1154443,"FALSE",
1154444,"FALSE",
1154445,"FALSE",
1154447,"FALSE",
1154448,"FALSE",
1154449,"FALSE",
1154450,"FALSE",
1154451,"FALSE",
1154452,"FALSE",
1154453,"FALSE",
1154454,"FALSE",
1154455,"FALSE",
1154457,"FALSE",
1154459,"FALSE",
1154460,"FALSE",
1154461,"FALSE",
1154462,"FALSE",
1154463,"FALSE",
1154464,"FALSE",
1154465,"FALSE",
1154467,"FALSE",
1154468,"FALSE",
1154469,"FALSE",
1154470,"FALSE",
1154472,"FALSE",
1154474,"FALSE",
1154475,"FALSE",
1154476,"FALSE",
1154477,"FALSE",
1154478,"FALSE",
1154479,"FALSE",
1154480,"FALSE",
1154482,"FALSE",
1154484,"FALSE",
1154485,"FALSE",
1154486,"FALSE",
1154487,"FALSE",
1154488,"FALSE",
1154489,"FALSE",
1154490,"FALSE",
1154492,"FALSE",
1154493,"FALSE",
1154494,"FALSE",
1154495,"FALSE",
1154496,"FALSE",
1154497,"FALSE",
1154498,"FALSE",
1154500,"FALSE",
1154501,"FALSE",
1154502,"FALSE",
1154503,"FALSE",
1154504,"FALSE",
1154505,"FALSE",
1154506,"FALSE",
1154507,"FALSE",
1154508,"FALSE",
1154509,"FALSE",
1154510,"FALSE",
1154511,"FALSE",
1154512,"FALSE",
1154513,"FALSE",
1154514,"FALSE",
1154515,"FALSE",
1154516,"FALSE",
1154517,"FALSE",
1154518,"FALSE",
1154519,"FALSE",
1154520,"FALSE",
1154521,"FALSE",
1154522,"FALSE",
1154523,"FALSE",
1154524,"FALSE",
1154525,"FALSE",
1154526,"FALSE",
1154527,"FALSE",
1154528,"FALSE",
1154529,"FALSE",
1154530,"FALSE",
1154531,"FALSE",
1154532,"FALSE",
1154533,"FALSE",
1154534,"FALSE",
1154535,"FALSE",
1154536,"FALSE",
1154537,"FALSE",
1154538,"FALSE",
1154539,"FALSE",
1154540,"FALSE",
1154541,"FALSE",
1154542,"FALSE",
1154543,"FALSE",
1154544,"FALSE",
1154545,"FALSE",
1154546,"FALSE",
1154548,"FALSE",
1154549,"FALSE",
1154550,"FALSE",
1154551,"FALSE",
1154552,"FALSE",
1154553,"FALSE",
1154555,"FALSE",
1154556,"FALSE",
1154557,"FALSE",
1154558,"FALSE",
1154559,"FALSE",
1154560,"FALSE",
1154561,"FALSE",
1154562,"FALSE",
1154563,"FALSE",
1154565,"FALSE",
1154566,"FALSE",
1154567,"FALSE",
1154569,"FALSE",
1154570,"FALSE",
1154571,"FALSE",
1154572,"FALSE",
1154573,"FALSE",
1154574,"FALSE",
1154575,"FALSE",
1154576,"FALSE",
1154577,"FALSE",
1154579,"FALSE",
1154580,"FALSE",
1154581,"FALSE",
1154583,"FALSE",
1154584,"FALSE",
1154585,"FALSE",
1154586,"FALSE",
1154588,"FALSE",
1154589,"FALSE",
1154590,"FALSE",
1154592,"FALSE",
1154593,"FALSE",
1154594,"FALSE",
1154595,"FALSE",
1154596,"FALSE",
1154597,"FALSE",
1154598,"FALSE",
1154599,"FALSE",
1154601,"FALSE",
1154602,"FALSE",
1154603,"FALSE",
1154605,"FALSE",
1154606,"FALSE",
1154607,"FALSE",
1154608,"FALSE",
1154609,"FALSE",
1154610,"FALSE",
1154612,"FALSE",
1154613,"FALSE",
1154614,"FALSE",
1154615,"FALSE",
1154616,"FALSE",
1154617,"FALSE",
1154618,"FALSE",
1154619,"FALSE",
1154621,"FALSE",
1154622,"FALSE",
1154623,"FALSE",
1154624,"FALSE",
1154625,"FALSE",
1154626,"FALSE",
1154627,"FALSE",
1154628,"FALSE",
1154629,"FALSE",
1154630,"FALSE",
1154631,"FALSE",
1154632,"FALSE",
1154633,"FALSE",
1154634,"FALSE",
1154635,"FALSE",
1154636,"FALSE",
1154638,"FALSE",
1154639,"FALSE",
1154640,"FALSE",
1154641,"FALSE",
1154642,"FALSE",
1154643,"FALSE",
1154644,"FALSE",
1154646,"FALSE",
1154647,"FALSE",
1154648,"FALSE",
1154649,"FALSE",
1154650,"FALSE",
1154651,"FALSE",
1154652,"FALSE",
1154653,"FALSE",
1154655,"FALSE",
1154656,"FALSE",
1154657,"FALSE",
1154658,"FALSE",
1154659,"FALSE",
1154660,"FALSE",
1154661,"FALSE",
1154662,"FALSE",
1154664,"FALSE",
1154665,"FALSE",
1154666,"FALSE",
1154667,"FALSE",
1154668,"FALSE",
1154669,"FALSE",
1154670,"FALSE",
1154671,"FALSE",
1154672,"FALSE",
1154673,"FALSE",
1154674,"FALSE",
1154675,"FALSE",
1154676,"FALSE",
1154677,"FALSE",
1154678,"FALSE",
1154679,"FALSE",
1154680,"FALSE",
1154681,"FALSE",
1154682,"FALSE",
1154683,"FALSE",
1154684,"FALSE",
1154685,"FALSE",
1154686,"FALSE",
1154687,"FALSE",
1154688,"FALSE",
1154689,"FALSE",
1154690,"FALSE",
1154691,"FALSE",
1154692,"FALSE",
1154693,"FALSE",
1154694,"FALSE",
1154695,"FALSE",
1154696,"FALSE",
1154697,"FALSE",
1154698,"FALSE",
1154699,"FALSE",
1154700,"FALSE",
1154701,"FALSE",
1154702,"FALSE",
1154703,"FALSE",
1154704,"FALSE",
1154705,"FALSE",
1154706,"FALSE",
1154707,"FALSE",
1154708,"FALSE",
1154709,"FALSE",
1154710,"FALSE",
1154711,"FALSE",
1154712,"FALSE",
1154713,"FALSE",
1154714,"FALSE",
1154715,"FALSE",
1154716,"FALSE",
1154717,"FALSE",
1154718,"FALSE",
1154719,"FALSE",
1154720,"FALSE",
1154721,"FALSE",
1154722,"FALSE",
1154723,"FALSE",
1154724,"FALSE",
1154725,"FALSE",
1154726,"FALSE",
1154727,"FALSE",
1154728,"FALSE",
1154729,"FALSE",
1154730,"FALSE",
1154731,"FALSE",
1154732,"FALSE",
1154733,"FALSE",
1154734,"FALSE",
1154735,"FALSE",
1154736,"FALSE",
1154737,"FALSE",
1154738,"FALSE",
1154739,"FALSE",
1154740,"FALSE",
1154741,"FALSE",
1154742,"FALSE",
1154743,"FALSE",
1154744,"FALSE",
1154745,"FALSE",
1154746,"FALSE",
1154747,"FALSE",
1154748,"FALSE",
1154749,"FALSE",
1154750,"FALSE",
1154751,"FALSE",
1154752,"FALSE",
1154753,"FALSE",
1154754,"FALSE",
1154755,"FALSE",
1154756,"FALSE",
1154757,"FALSE",
1154758,"FALSE",
1154759,"FALSE",
1154760,"FALSE",
1154761,"FALSE",
1154762,"FALSE",
1154763,"FALSE",
1154764,"FALSE",
1154765,"FALSE",
1154766,"FALSE",
1154767,"FALSE",
1154768,"FALSE",
1154769,"FALSE",
1154770,"FALSE",
1154771,"FALSE",
1154772,"FALSE",
1154773,"FALSE",
1154774,"FALSE",
1154775,"FALSE",
1154776,"FALSE",
1154777,"FALSE",
1154778,"FALSE",
1154779,"FALSE",
1154780,"FALSE",
1154781,"FALSE",
1154782,"FALSE",
1154783,"FALSE",
1154784,"FALSE",
1154785,"FALSE",
1154786,"FALSE",
1154787,"FALSE",
1154788,"FALSE",
1154789,"FALSE",
1154790,"FALSE",
1154791,"FALSE",
1154792,"FALSE",
1154793,"FALSE",
1154794,"FALSE",
1154795,"FALSE",
1154796,"FALSE",
1154797,"FALSE",
1154798,"FALSE",
1154799,"FALSE",
1154800,"FALSE",
1154801,"FALSE",
1154802,"FALSE",
1154803,"FALSE",
1154804,"FALSE",
1154805,"FALSE",
1154806,"FALSE",
1154807,"FALSE",
1154808,"FALSE",
1154809,"FALSE",
1154810,"FALSE",
1154811,"FALSE",
1154812,"FALSE",
1154813,"TRUE","unspecified"
1154814,"TRUE","unspecified"
1154815,"FALSE",
1154816,"FALSE",
1154817,"FALSE",
1154818,"FALSE",
1154819,"FALSE",
1154820,"FALSE",
1154821,"FALSE",
1154822,"FALSE",
1154823,"FALSE",
1154824,"FALSE",
1154825,"FALSE",
1154826,"FALSE",
1154827,"FALSE",
1154828,"FALSE",
1154829,"FALSE",
1154830,"FALSE",
1154831,"FALSE",
1154832,"FALSE",
1154833,"FALSE",
1154834,"FALSE",
1154835,"FALSE",
1154836,"FALSE",
1154837,"TRUE","unspecified"
1154838,"FALSE",
1154839,"FALSE",
1154840,"FALSE",
1154841,"FALSE",
1154842,"FALSE",
1154843,"FALSE",
1154844,"FALSE",
1154845,"FALSE",
1154846,"FALSE",
1154847,"FALSE",
1154848,"FALSE",
1154849,"FALSE",
1154850,"FALSE",
1154851,"FALSE",
1154852,"FALSE",
1154853,"FALSE",
1154854,"FALSE",
1154855,"FALSE",
1154856,"FALSE",
1154857,"FALSE",
1154858,"FALSE",
1154859,"FALSE",
1154860,"FALSE",
1154861,"FALSE",
1154862,"FALSE",
1154863,"FALSE",
1154864,"FALSE",
1154865,"FALSE",
1154866,"FALSE",
1154867,"FALSE",
1154868,"FALSE",
1154869,"FALSE",
1154870,"FALSE",
1154871,"FALSE",
1154872,"FALSE",
1154873,"FALSE",
1154874,"FALSE",
1154875,"FALSE",
1154876,"FALSE",
1154877,"FALSE",
1154878,"FALSE",
1154879,"FALSE",
1154880,"FALSE",
1154881,"FALSE",
1154882,"FALSE",
1154883,"FALSE",
1154884,"FALSE",
1154885,"FALSE",
1154886,"FALSE",
1154887,"FALSE",
1154888,"FALSE",
1154889,"FALSE",
1154890,"FALSE",
1154891,"FALSE",
1154892,"FALSE",
1154893,"FALSE",
1154894,"FALSE",
1154895,"FALSE",
1154896,"FALSE",
1154897,"FALSE",
1154898,"FALSE",
1154899,"FALSE",
1154900,"FALSE",
1154901,"FALSE",
1154902,"FALSE",
1154903,"FALSE",
1154904,"FALSE",
1154905,"FALSE",
1154906,"FALSE",
1154907,"FALSE",
1154908,"FALSE",
1154909,"FALSE",
1154910,"FALSE",
1154911,"FALSE",
1154912,"FALSE",
1154913,"FALSE",
1154914,"FALSE",
1154915,"FALSE",
1154916,"FALSE",
1154917,"FALSE",
1154918,"FALSE",
1154919,"FALSE",
1154920,"FALSE",
1154921,"FALSE",
1154922,"FALSE",
1154923,"FALSE",
1154924,"FALSE",
1154925,"FALSE",
1154926,"FALSE",
1154927,"FALSE",
1154928,"FALSE",
1154929,"FALSE",
1154930,"FALSE",
1154931,"FALSE",
1154932,"FALSE",
1154933,"FALSE",
1154934,"FALSE",
1154935,"FALSE",
1154936,"FALSE",
1154937,"FALSE",
1154938,"FALSE",
1154940,"FALSE",
1154941,"FALSE",
1154942,"FALSE",
1154943,"FALSE",
1154944,"FALSE",
1154945,"FALSE",
1154946,"FALSE",
1154947,"FALSE",
1154948,"FALSE",
1154949,"FALSE",
1154950,"FALSE",
1154951,"FALSE",
1154952,"FALSE",
1154953,"FALSE",
1154954,"FALSE",
1154955,"FALSE",
1154956,"FALSE",
1154957,"FALSE",
1154958,"FALSE",
1154959,"FALSE",
1154960,"FALSE",
1154962,"FALSE",
1154963,"FALSE",
1154964,"FALSE",
1154965,"FALSE",
1154966,"FALSE",
1154967,"FALSE",
1154968,"FALSE",
1154969,"FALSE",
1154971,"FALSE",
1154972,"FALSE",
1154973,"FALSE",
1154974,"FALSE",
1154975,"FALSE",
1154976,"FALSE",
1154978,"FALSE",
1154979,"FALSE",
1154980,"FALSE",
1154981,"FALSE",
1154982,"FALSE",
1154984,"FALSE",
1154985,"FALSE",
1154988,"FALSE",
1154989,"FALSE",
1154990,"FALSE",
1154991,"FALSE",
1154992,"FALSE",
1154993,"FALSE",
1154995,"FALSE",
1154996,"FALSE",
1154997,"FALSE",
1154998,"FALSE",
1155000,"FALSE",
1155001,"FALSE",
1155002,"FALSE",
1155003,"FALSE",
1155004,"FALSE",
1155005,"FALSE",
1155006,"FALSE",
1155007,"FALSE",
1155008,"FALSE",
1155009,"FALSE",
1155010,"FALSE",
1155011,"FALSE",
1155012,"FALSE",
1155013,"FALSE",
1155014,"FALSE",
1155015,"FALSE",
1155016,"FALSE",
1155017,"FALSE",
1155018,"FALSE",
1155019,"FALSE",
1155020,"FALSE",
1155021,"FALSE",
1155022,"FALSE",
1155023,"FALSE",
1155024,"FALSE",
1155025,"FALSE",
1155026,"FALSE",
1155027,"FALSE",
1155028,"FALSE",
1155029,"FALSE",
1155030,"FALSE",
1155031,"FALSE",
1155032,"FALSE",
1155033,"FALSE",
1155034,"FALSE",
1155035,"FALSE",
1155036,"FALSE",
1155037,"FALSE",
1155038,"FALSE",
1155039,"FALSE",
1155040,"FALSE",
1155041,"FALSE",
1155042,"FALSE",
1155043,"FALSE",
1155044,"FALSE",
1155045,"FALSE",
1155046,"FALSE",
1155047,"FALSE",
1155048,"FALSE",
1155049,"FALSE",
1155050,"FALSE",
1155051,"FALSE",
1155052,"FALSE",
1155054,"FALSE",
1155055,"FALSE",
1155056,"FALSE",
1155057,"FALSE",
1155058,"FALSE",
1155059,"FALSE",
1155061,"FALSE",
1155062,"FALSE",
1155063,"FALSE",
1155064,"FALSE",
1155065,"FALSE",
1155066,"FALSE",
1155067,"FALSE",
1155068,"FALSE",
1155069,"FALSE",
1155070,"FALSE",
1155072,"FALSE",
1155073,"FALSE",
1155074,"FALSE",
1155075,"FALSE",
1155076,"FALSE",
1155077,"FALSE",
1155078,"FALSE",
1155079,"FALSE",
1155080,"FALSE",
1155081,"FALSE",
1155082,"FALSE",
1155083,"FALSE",
1155084,"FALSE",
1155085,"FALSE",
1155086,"FALSE",
1155087,"FALSE",
1155088,"FALSE",
1155089,"FALSE",
1155090,"FALSE",
1155091,"FALSE",
1155092,"FALSE",
1155095,"FALSE",
1155096,"FALSE",
1155097,"FALSE",
1155099,"FALSE",
1155100,"FALSE",
1155101,"FALSE",
1155103,"FALSE",
1155104,"FALSE",
1155105,"FALSE",
1155106,"FALSE",
1155107,"FALSE",
1155108,"FALSE",
1155109,"FALSE",
1155110,"FALSE",
1155111,"FALSE",
1155112,"FALSE",
1155113,"FALSE",
1155114,"FALSE",
1155115,"FALSE",
1155116,"FALSE",
1155117,"FALSE",
1155118,"FALSE",
1155119,"FALSE",
1155120,"FALSE",
1155121,"FALSE",
1155122,"FALSE",
1155123,"FALSE",
1155124,"FALSE",
1155125,"FALSE",
1155126,"FALSE",
1155127,"FALSE",
1155128,"FALSE",
1155129,"FALSE",
1155130,"FALSE",
1155132,"FALSE",
1155134,"FALSE",
1155135,"FALSE",
1155136,"FALSE",
1155137,"FALSE",
1155138,"FALSE",
1155140,"FALSE",
1155141,"FALSE",
1155142,"FALSE",
1155143,"FALSE",
1155144,"FALSE",
1155145,"FALSE",
1155146,"FALSE",
1155147,"FALSE",
1155148,"FALSE",
1155149,"FALSE",
1155150,"FALSE",
1155151,"FALSE",
1155152,"FALSE",
1155153,"FALSE",
1155154,"FALSE",
1155155,"FALSE",
1155156,"FALSE",
1155157,"FALSE",
1155158,"FALSE",
1155159,"FALSE",
1155160,"FALSE",
1155161,"FALSE",
1155162,"FALSE",
1155163,"FALSE",
1155164,"FALSE",
1155165,"FALSE",
1155166,"FALSE",
1155167,"FALSE",
1155168,"FALSE",
1155169,"FALSE",
1155170,"FALSE",
1155171,"FALSE",
1155172,"FALSE",
1155173,"FALSE",
1155174,"FALSE",
1155175,"FALSE",
1155176,"FALSE",
1155177,"FALSE",
1155178,"FALSE",
1155179,"FALSE",
1155180,"FALSE",
1155181,"FALSE",
1155182,"FALSE",
1155183,"FALSE",
1155184,"FALSE",
1155185,"FALSE",
1155188,"FALSE",
1155189,"FALSE",
1155191,"FALSE",
1155192,"FALSE",
1155193,"FALSE",
1155194,"FALSE",
1155195,"FALSE",
1155196,"FALSE",
1155197,"FALSE",
1155198,"FALSE",
1155199,"FALSE",
1155200,"FALSE",
1155201,"FALSE",
1155202,"FALSE",
1155203,"FALSE",
1155205,"FALSE",
1155207,"FALSE",
1155208,"FALSE",
1155209,"FALSE",
1155210,"FALSE",
1155211,"FALSE",
1155212,"FALSE",
1155213,"FALSE",
1155214,"FALSE",
1155215,"FALSE",
1155216,"FALSE",
1155218,"FALSE",
1155219,"FALSE",
1155220,"FALSE",
1155221,"FALSE",
1155222,"FALSE",
1155223,"FALSE",
1155224,"FALSE",
1155225,"FALSE",
1155226,"FALSE",
1155228,"FALSE",
1155229,"FALSE",
1155230,"FALSE",
1155231,"FALSE",
1155232,"FALSE",
1155233,"FALSE",
1155234,"FALSE",
1155236,"FALSE",
1155237,"FALSE",
1155238,"FALSE",
1155239,"FALSE",
1155240,"FALSE",
1155241,"FALSE",
1155242,"FALSE",
1155243,"FALSE",
1155244,"FALSE",
1155245,"FALSE",
1155247,"FALSE",
1155248,"FALSE",
1155249,"FALSE",
1155250,"FALSE",
1155251,"FALSE",
1155252,"FALSE",
1155253,"FALSE",
1155254,"FALSE",
1155255,"FALSE",
1155256,"FALSE",
1155257,"FALSE",
1155258,"FALSE",
1155259,"FALSE",
1155260,"FALSE",
1155261,"FALSE",
1155262,"FALSE",
1155263,"FALSE",
1155264,"FALSE",
1155265,"FALSE",
1155266,"FALSE",
1155267,"FALSE",
1155268,"FALSE",
1155269,"FALSE",
1155270,"FALSE",
1155271,"FALSE",
1155272,"FALSE",
1155273,"FALSE",
1155274,"FALSE",
1155275,"FALSE",
1155276,"FALSE",
1155277,"FALSE",
1155278,"FALSE",
1155279,"FALSE",
1155280,"FALSE",
1155281,"FALSE",
1155282,"FALSE",
1155283,"FALSE",
1155284,"FALSE",
1155285,"FALSE",
1155286,"FALSE",
1155287,"TRUE","unspecified"
1155288,"TRUE","unspecified"
1155289,"TRUE","unspecified"
1155290,"TRUE","unspecified"
1155291,"TRUE","unspecified"
1155292,"TRUE","Jurassic"
1155293,"TRUE","Jurassic"
1155294,"TRUE","Jurassic"
1155295,"TRUE","unspecified"
1155296,"TRUE","unspecified"
1155297,"TRUE","Jurassic"
1155298,"TRUE","Jurassic"
1155299,"TRUE","Jurassic"
1155300,"TRUE","Jurassic"
1155301,"FALSE",
1155302,"FALSE",
1155303,"FALSE",
1155304,"FALSE",
1155305,"FALSE",
1155306,"FALSE",
1155307,"FALSE",
1155308,"FALSE",
1155309,"FALSE",
1155310,"FALSE",
1155311,"FALSE",
1155312,"FALSE",
1155313,"FALSE",
1155314,"FALSE",
1155315,"FALSE",
1155316,"FALSE",
1155317,"FALSE",
1155318,"FALSE",
1155319,"FALSE",
1155320,"FALSE",
1155321,"FALSE",
1155322,"FALSE",
1155323,"FALSE",
1155324,"FALSE",
1155325,"FALSE",
1155326,"FALSE",
1155327,"FALSE",
1155328,"FALSE",
1155329,"FALSE",
1155330,"FALSE",
1155331,"FALSE",
1155332,"FALSE",
1155333,"FALSE",
1155334,"FALSE",
1155335,"FALSE",
1155336,"FALSE",
1155337,"FALSE",
1155338,"FALSE",
1155339,"FALSE",
1155340,"FALSE",
1155341,"FALSE",
1155342,"FALSE",
1155343,"FALSE",
1155344,"FALSE",
1155345,"FALSE",
1155346,"FALSE",
1155347,"FALSE",
1155348,"FALSE",
1155349,"FALSE",
1155350,"FALSE",
1155351,"FALSE",
1155352,"FALSE",
1155353,"FALSE",
1155354,"FALSE",
1155355,"FALSE",
1155356,"FALSE",
1155357,"FALSE",
1155358,"FALSE",
1155359,"FALSE",
1155360,"FALSE",
1155361,"FALSE",
1155362,"FALSE",
1155363,"FALSE",
1155364,"FALSE",
1155365,"FALSE",
1155366,"FALSE",
1155367,"FALSE",
1155368,"FALSE",
1155369,"FALSE",
1155370,"FALSE",
1155371,"FALSE",
1155372,"FALSE",
1155373,"FALSE",
1155374,"FALSE",
1155375,"FALSE",
1155376,"FALSE",
1155377,"FALSE",
1155378,"FALSE",
1155379,"FALSE",
1155380,"FALSE",
1155381,"FALSE",
1155382,"FALSE",
1155383,"FALSE",
1155384,"FALSE",
1155385,"FALSE",
1155386,"FALSE",
1155387,"FALSE",
1155388,"FALSE",
1155389,"FALSE",
1155390,"FALSE",
1155391,"FALSE",
1155392,"FALSE",
1155393,"FALSE",
1155394,"FALSE",
1155395,"FALSE",
1155396,"FALSE",
1155397,"FALSE",
1155398,"FALSE",
1155399,"FALSE",
1155400,"FALSE",
1155401,"FALSE",
1155402,"FALSE",
1155403,"FALSE",
1155404,"FALSE",
1155405,"FALSE",
1155406,"FALSE",
1155407,"FALSE",
1155408,"FALSE",
1155409,"FALSE",
1155410,"FALSE",
1155411,"FALSE",
1155412,"FALSE",
1155413,"FALSE",
1155414,"FALSE",
1155415,"FALSE",
1155416,"FALSE",
1155417,"FALSE",
1155418,"FALSE",
1155419,"FALSE",
1155420,"FALSE",
1155421,"FALSE",
1155422,"FALSE",
1155423,"FALSE",
1155424,"FALSE",
1155425,"FALSE",
1155426,"FALSE",
1155428,"FALSE",
1155429,"FALSE",
1155430,"FALSE",
1155431,"FALSE",
1155432,"FALSE",
1155433,"FALSE",
1155434,"FALSE",
1155435,"FALSE",
1155436,"FALSE",
1155437,"FALSE",
1155438,"FALSE",
1155439,"FALSE",
1155440,"FALSE",
1155441,"FALSE",
1155442,"FALSE",
1155443,"FALSE",
1155444,"FALSE",
1155445,"FALSE",
1155446,"FALSE",
1155447,"FALSE",
1155448,"FALSE",
1155449,"FALSE",
1155450,"FALSE",
1155451,"FALSE",
1155452,"FALSE",
1155453,"FALSE",
1155454,"FALSE",
1155455,"FALSE",
1155456,"FALSE",
1155457,"FALSE",
1155458,"FALSE",
1155459,"FALSE",
1155460,"FALSE",
1155461,"FALSE",
1155462,"FALSE",
1155463,"FALSE",
1155464,"FALSE",
1155465,"FALSE",
1155466,"FALSE",
1155467,"FALSE",
1155468,"FALSE",
1155469,"FALSE",
1155470,"FALSE",
1155471,"TRUE","Mesozoic"
1155472,"TRUE","Mesozoic"
1155473,"FALSE",
1155474,"TRUE","Permian"
1155475,"TRUE","Permian"
1155476,"TRUE","unspecified"
1155477,"TRUE","Permian"
1155478,"TRUE","Permian"
1155479,"TRUE","Permian"
1155480,"TRUE","Permian"
1155481,"TRUE","unspecified"
1155482,"TRUE","unspecified"
1155483,"TRUE","unspecified"
1155484,"TRUE","unspecified"
1155485,"TRUE","unspecified"
1155486,"TRUE","unspecified"
1155487,"TRUE","unspecified"
1155488,"TRUE","Permian"
1155489,"TRUE","unspecified"
1155490,"TRUE","unspecified"
1155491,"TRUE","unspecified"
1155492,"TRUE","unspecified"
1155493,"TRUE","unspecified"
1155494,"TRUE","unspecified"
1155495,"TRUE","Permian"
1155496,"TRUE","unspecified"
1155497,"TRUE","unspecified"
1155498,"TRUE","unspecified"
1155499,"TRUE","unspecified"
1155500,"TRUE","unspecified"
1155501,"TRUE","unspecified"
1155502,"TRUE","Permian"
1155503,"TRUE","unspecified"
1155504,"TRUE","unspecified"
1155505,"TRUE","unspecified"
1155506,"TRUE","unspecified"
1155507,"TRUE","unspecified"
1155508,"TRUE","unspecified"
1155509,"TRUE","unspecified"
1155510,"TRUE","unspecified"
1155511,"TRUE","unspecified"
1155512,"TRUE","unspecified"
1155513,"TRUE","unspecified"
1155514,"TRUE","unspecified"
1155515,"TRUE","unspecified"
1155516,"TRUE","unspecified"
1155517,"TRUE","unspecified"
1155518,"TRUE","unspecified"
1155519,"TRUE","unspecified"
1155520,"TRUE","unspecified"
1155521,"TRUE","unspecified"
1155522,"TRUE","unspecified"
1155523,"TRUE","unspecified"
1155524,"TRUE","unspecified"
1155525,"TRUE","unspecified"
1155526,"TRUE","unspecified"
1155527,"TRUE","unspecified"
1155528,"TRUE","unspecified"
1155529,"TRUE","unspecified"
1155530,"TRUE","unspecified"
1155531,"TRUE","unspecified"
1155532,"TRUE","Mesozoic"
1155533,"TRUE","Mesozoic"
1155534,"TRUE","Jurassic"
1155535,"TRUE","unspecified"
1155536,"TRUE","unspecified"
1155537,"TRUE","unspecified"
1155538,"TRUE","unspecified"
1155539,"TRUE","Jurassic"
1155540,"TRUE","Jurassic"
1155541,"TRUE","Jurassic"
1155542,"TRUE","Jurassic"
1155543,"TRUE","Jurassic"
1155544,"TRUE","Jurassic"
1155545,"FALSE",
1155546,"FALSE",
1155547,"FALSE",
1155548,"FALSE",
1155549,"FALSE",
1155550,"FALSE",
1155551,"FALSE",
1155552,"FALSE",
1155553,"FALSE",
1155554,"FALSE",
1155555,"FALSE",
1155556,"FALSE",
1155558,"FALSE",
1155559,"TRUE","unspecified"
1155560,"TRUE","unspecified"
1155561,"TRUE","Cretaceous"
1155562,"TRUE","Cretaceous"
1155563,"TRUE","Permian"
1155564,"TRUE","unspecified"
1155565,"TRUE","unspecified"
1155566,"TRUE","Permian"
1155567,"TRUE","Permian"
1155568,"TRUE","Permian"
1155569,"TRUE","Permian"
1155570,"TRUE","Permian"
1155571,"TRUE","unspecified"
1155572,"TRUE","unspecified"
1155573,"TRUE","unspecified"
1155574,"TRUE","unspecified"
1155575,"TRUE","unspecified"
1155576,"TRUE","unspecified"
1155577,"TRUE","unspecified"
1155578,"TRUE","unspecified"
1155579,"TRUE","unspecified"
1155580,"TRUE","unspecified"
1155581,"TRUE","unspecified"
1155582,"TRUE","unspecified"
1155583,"TRUE","unspecified"
1155584,"TRUE","unspecified"
1155585,"TRUE","unspecified"
1155586,"TRUE","unspecified"
1155587,"TRUE","unspecified"
1155588,"TRUE","unspecified"
1155589,"TRUE","unspecified"
1155590,"TRUE","unspecified"
1155591,"TRUE","unspecified"
1155592,"TRUE","unspecified"
1155593,"TRUE","unspecified"
1155594,"TRUE","unspecified"
1155595,"TRUE","unspecified"
1155596,"TRUE","unspecified"
1155597,"TRUE","unspecified"
1155598,"TRUE","unspecified"
1155599,"FALSE",
1155600,"TRUE","unspecified"
1155601,"TRUE","unspecified"
1155602,"TRUE","unspecified"
1155603,"FALSE",
1155604,"FALSE",
1155605,"FALSE",
1155606,"FALSE",
1155607,"FALSE",
1155608,"FALSE",
1155609,"FALSE",
1155610,"FALSE",
1155611,"FALSE",
1155612,"FALSE",
1155613,"FALSE",
1155614,"FALSE",
1155615,"FALSE",
1155616,"FALSE",
1155617,"FALSE",
1155618,"FALSE",
1155619,"FALSE",
1155620,"FALSE",
1155621,"FALSE",
1155622,"FALSE",
1155623,"FALSE",
1155624,"FALSE",
1155625,"FALSE",
1155626,"FALSE",
1155627,"FALSE",
1155628,"FALSE",
1155629,"FALSE",
1155630,"FALSE",
1155631,"FALSE",
1155632,"FALSE",
1155633,"FALSE",
1155634,"FALSE",
1155635,"FALSE",
1155636,"FALSE",
1155637,"FALSE",
1155638,"FALSE",
1155639,"FALSE",
1155640,"FALSE",
1155641,"FALSE",
1155642,"FALSE",
1155643,"FALSE",
1155644,"FALSE",
1155645,"FALSE",
1155646,"FALSE",
1155647,"FALSE",
1155648,"FALSE",
1155649,"FALSE",
1155650,"FALSE",
1155651,"FALSE",
1155652,"FALSE",
1155653,"TRUE","unspecified"
1155654,"FALSE",
1155655,"FALSE",
1155656,"FALSE",
1155657,"FALSE",
1155658,"FALSE",
1155659,"FALSE",
1155660,"FALSE",
1155661,"FALSE",
1155662,"FALSE",
1155663,"FALSE",
1155664,"FALSE",
1155665,"FALSE",
1155666,"FALSE",
1155667,"FALSE",
1155669,"FALSE",
1155670,"FALSE",
1155671,"FALSE",
1155672,"FALSE",
1155673,"FALSE",
1155674,"FALSE",
1155675,"FALSE",
1155676,"FALSE",
1155677,"FALSE",
1155678,"FALSE",
1155679,"FALSE",
1155680,"FALSE",
1155681,"FALSE",
1155682,"FALSE",
1155683,"FALSE",
1155684,"FALSE",
1155685,"FALSE",
1155686,"FALSE",
1155687,"FALSE",
1155688,"FALSE",
1155689,"FALSE",
1155690,"FALSE",
1155691,"FALSE",
1155692,"FALSE",
1155693,"FALSE",
1155694,"FALSE",
1155695,"FALSE",
1155696,"FALSE",
1155697,"FALSE",
1155698,"FALSE",
1155699,"FALSE",
1155700,"FALSE",
1155701,"FALSE",
1155702,"FALSE",
1155703,"FALSE",
1155704,"FALSE",
1155705,"FALSE",
1155706,"FALSE",
1155707,"FALSE",
1155708,"FALSE",
1155709,"FALSE",
1155710,"FALSE",
1155711,"FALSE",
1155712,"FALSE",
1155713,"FALSE",
1155714,"FALSE",
1155715,"FALSE",
1155716,"FALSE",
1155717,"FALSE",
1155718,"FALSE",
1155719,"FALSE",
1155720,"FALSE",
1155721,"FALSE",
1155722,"FALSE",
1155723,"FALSE",
1155724,"FALSE",
1155725,"FALSE",
1155726,"FALSE",
1155727,"FALSE",
1155728,"FALSE",
1155729,"FALSE",
1155730,"FALSE",
1155731,"FALSE",
1155732,"FALSE",
1155733,"FALSE",
1155734,"FALSE",
1155735,"FALSE",
1155736,"FALSE",
1155737,"FALSE",
1155738,"FALSE",
1155739,"FALSE",
1155740,"FALSE",
1155741,"FALSE",
1155742,"FALSE",
1155743,"FALSE",
1155744,"FALSE",
1155745,"FALSE",
1155746,"FALSE",
1155747,"FALSE",
1155748,"FALSE",
1155749,"FALSE",
1155750,"FALSE",
1155751,"FALSE",
1155752,"FALSE",
1155753,"FALSE",
1155754,"FALSE",
1155755,"FALSE",
1155756,"FALSE",
1155757,"FALSE",
1155758,"FALSE",
1155759,"FALSE",
1155760,"FALSE",
1155761,"FALSE",
1155762,"FALSE",
1155763,"FALSE",
1155764,"FALSE",
1155765,"FALSE",
1155766,"FALSE",
1155767,"FALSE",
1155768,"FALSE",
1155769,"FALSE",
1155770,"FALSE",
1155771,"FALSE",
1155772,"FALSE",
1155773,"FALSE",
1155774,"FALSE",
1155775,"FALSE",
1155776,"FALSE",
1155777,"FALSE",
1155778,"FALSE",
1155779,"FALSE",
1155780,"FALSE",
1155781,"FALSE",
1155782,"FALSE",
1155783,"FALSE",
1155784,"FALSE",
1155785,"FALSE",
1155786,"FALSE",
1155787,"FALSE",
1155788,"FALSE",
1155789,"FALSE",
1155790,"FALSE",
1155791,"FALSE",
1155792,"FALSE",
1155793,"FALSE",
1155794,"FALSE",
1155795,"FALSE",
1155796,"FALSE",
1155797,"FALSE",
1155798,"FALSE",
1155799,"FALSE",
1155800,"FALSE",
1155801,"FALSE",
1155802,"FALSE",
1155803,"FALSE",
1155804,"FALSE",
1155805,"FALSE",
1155806,"FALSE",
1155807,"FALSE",
1155808,"FALSE",
1155809,"FALSE",
1155810,"FALSE",
1155811,"FALSE",
1155812,"FALSE",
1155813,"FALSE",
1155814,"FALSE",
1155815,"FALSE",
1155816,"FALSE",
1155817,"FALSE",
1155818,"FALSE",
1155819,"FALSE",
1155820,"FALSE",
1155821,"FALSE",
1155822,"FALSE",
1155823,"FALSE",
1155824,"FALSE",
1155825,"FALSE",
1155826,"FALSE",
1155827,"FALSE",
1155828,"FALSE",
1155829,"FALSE",
1155830,"FALSE",
1155831,"FALSE",
1155832,"FALSE",
1155833,"FALSE",
1155834,"FALSE",
1155835,"FALSE",
1155836,"FALSE",
1155837,"FALSE",
1155838,"FALSE",
1155839,"FALSE",
1155840,"FALSE",
1155841,"FALSE",
1155842,"FALSE",
1155843,"FALSE",
1155844,"FALSE",
1155845,"FALSE",
1155846,"FALSE",
1155847,"FALSE",
1155848,"FALSE",
1155849,"FALSE",
1155850,"FALSE",
1155851,"FALSE",
1155852,"FALSE",
1155853,"FALSE",
1155854,"FALSE",
1155855,"FALSE",
1155856,"FALSE",
1155857,"FALSE",
1155858,"FALSE",
1155859,"FALSE",
1155860,"FALSE",
1155861,"FALSE",
1155862,"FALSE",
1155863,"FALSE",
1155864,"FALSE",
1155865,"TRUE","unspecified"
1155866,"TRUE","unspecified"
1155867,"FALSE",
1155868,"TRUE","Tertiary"
1155869,"TRUE","Tertiary"
1155870,"FALSE",
1155871,"FALSE",
1155872,"FALSE",
1155873,"FALSE",
1155874,"FALSE",
1155875,"FALSE",
1155876,"FALSE",
1155877,"FALSE",
1155878,"FALSE",
1155879,"FALSE",
1155880,"FALSE",
1155881,"FALSE",
1155882,"FALSE",
1155883,"FALSE",
1155884,"FALSE",
1155885,"FALSE",
1155886,"FALSE",
1155887,"FALSE",
1155888,"FALSE",
1155889,"FALSE",
1155890,"FALSE",
1155891,"FALSE",
1155892,"FALSE",
1155893,"FALSE",
1155894,"FALSE",
1155895,"FALSE",
1155896,"FALSE",
1155897,"FALSE",
1155898,"FALSE",
1155899,"FALSE",
1155900,"FALSE",
1155901,"FALSE",
1155902,"FALSE",
1155903,"FALSE",
1155904,"FALSE",
1155905,"FALSE",
1155906,"FALSE",
1155907,"FALSE",
1155908,"FALSE",
1155909,"FALSE",
1155910,"FALSE",
1155911,"FALSE",
1155912,"FALSE",
1155913,"FALSE",
1155914,"FALSE",
1155915,"FALSE",
1155916,"FALSE",
1155917,"FALSE",
1155918,"FALSE",
1155919,"FALSE",
1155920,"FALSE",
1155921,"FALSE",
1155922,"FALSE",
1155923,"FALSE",
1155924,"FALSE",
1155925,"FALSE",
1155926,"FALSE",
1155927,"FALSE",
1155928,"FALSE",
1155929,"FALSE",
1155930,"FALSE",
1155931,"FALSE",
1155932,"FALSE",
1155933,"FALSE",
1155934,"FALSE",
1155935,"FALSE",
1155936,"FALSE",
1155937,"FALSE",
1155938,"FALSE",
1155939,"FALSE",
1155940,"FALSE",
1155941,"FALSE",
1155942,"FALSE",
1155943,"FALSE",
1155944,"FALSE",
1155945,"FALSE",
1155946,"FALSE",
1155947,"FALSE",
1155948,"FALSE",
1155949,"FALSE",
1155950,"FALSE",
1155951,"FALSE",
1155952,"FALSE",
1155953,"FALSE",
1155954,"FALSE",
1155955,"FALSE",
1155956,"FALSE",
1155957,"FALSE",
1155958,"FALSE",
1155959,"FALSE",
1155960,"FALSE",
1155961,"FALSE",
1155962,"FALSE",
1155963,"FALSE",
1155964,"FALSE",
1155965,"FALSE",
1155966,"FALSE",
1155967,"FALSE",
1155968,"FALSE",
1155969,"FALSE",
1155970,"FALSE",
1155971,"FALSE",
1155972,"FALSE",
1155973,"FALSE",
1155974,"FALSE",
1155975,"FALSE",
1155976,"FALSE",
1155977,"FALSE",
1155978,"FALSE",
1155979,"FALSE",
1155980,"FALSE",
1155981,"FALSE",
1155982,"FALSE",
1155983,"FALSE",
1155984,"FALSE",
1155985,"FALSE",
1155986,"FALSE",
1155987,"FALSE",
1155988,"FALSE",
1155989,"FALSE",
1155990,"FALSE",
1155991,"FALSE",
1155992,"FALSE",
1155993,"FALSE",
1155994,"FALSE",
1155995,"FALSE",
1155996,"FALSE",
1155997,"FALSE",
1155998,"FALSE",
1155999,"FALSE",
1156000,"FALSE",
1156001,"FALSE",
1156002,"FALSE",
1156003,"FALSE",
1156004,"FALSE",
1156005,"FALSE",
1156006,"FALSE",
1156007,"FALSE",
1156008,"FALSE",
1156009,"FALSE",
1156010,"FALSE",
1156011,"FALSE",
1156012,"FALSE",
1156013,"FALSE",
1156014,"FALSE",
1156015,"FALSE",
1156016,"FALSE",
1156017,"FALSE",
1156018,"FALSE",
1156019,"FALSE",
1156020,"FALSE",
1156021,"FALSE",
1156022,"FALSE",
1156023,"FALSE",
1156024,"FALSE",
1156025,"FALSE",
1156026,"FALSE",
1156027,"FALSE",
1156028,"FALSE",
1156029,"FALSE",
1156030,"FALSE",
1156031,"FALSE",
1156032,"FALSE",
1156033,"FALSE",
1156034,"FALSE",
1156035,"FALSE",
1156036,"FALSE",
1156037,"FALSE",
1156038,"FALSE",
1156039,"FALSE",
1156040,"FALSE",
1156041,"FALSE",
1156042,"FALSE",
1156043,"FALSE",
1156044,"FALSE",
1156045,"FALSE",
1156046,"FALSE",
1156047,"FALSE",
1156048,"FALSE",
1156049,"FALSE",
1156050,"FALSE",
1156051,"FALSE",
1156052,"FALSE",
1156053,"FALSE",
1156054,"FALSE",
1156055,"FALSE",
1156056,"FALSE",
1156057,"FALSE",
1156058,"FALSE",
1156059,"FALSE",
1156060,"FALSE",
1156061,"FALSE",
1156062,"FALSE",
1156063,"FALSE",
1156064,"FALSE",
1156065,"FALSE",
1156066,"FALSE",
1156067,"FALSE",
1156068,"FALSE",
1156069,"FALSE",
1156070,"FALSE",
1156071,"FALSE",
1156072,"FALSE",
1156073,"FALSE",
1156074,"FALSE",
1156075,"FALSE",
1156076,"FALSE",
1156077,"FALSE",
1156078,"FALSE",
1156079,"FALSE",
1156080,"FALSE",
1156081,"FALSE",
1156082,"FALSE",
1156083,"FALSE",
1156084,"FALSE",
1156085,"FALSE",
1156086,"FALSE",
1156088,"FALSE",
1156089,"FALSE",
1156090,"FALSE",
1156091,"FALSE",
1156092,"FALSE",
1156093,"FALSE",
1156094,"FALSE",
1156095,"FALSE",
1156096,"FALSE",
1156097,"FALSE",
1156098,"FALSE",
1156099,"FALSE",
1156100,"FALSE",
1156101,"FALSE",
1156102,"FALSE",
1156103,"FALSE",
1156104,"FALSE",
1156105,"FALSE",
1156106,"FALSE",
1156107,"FALSE",
1156108,"FALSE",
1156109,"FALSE",
1156110,"FALSE",
1156111,"FALSE",
1156112,"FALSE",
1156113,"FALSE",
1156114,"FALSE",
1156115,"FALSE",
1156117,"FALSE",
1156118,"FALSE",
1156119,"FALSE",
1156120,"FALSE",
1156121,"FALSE",
1156122,"FALSE",
1156123,"FALSE",
1156124,"FALSE",
1156125,"FALSE",
1156126,"FALSE",
1156127,"FALSE",
1156128,"FALSE",
1156129,"FALSE",
1156130,"FALSE",
1156131,"FALSE",
1156132,"FALSE",
1156133,"FALSE",
1156134,"FALSE",
1156135,"FALSE",
1156136,"FALSE",
1156137,"FALSE",
1156138,"FALSE",
1156139,"FALSE",
1156140,"FALSE",
1156141,"FALSE",
1156142,"FALSE",
1156143,"FALSE",
1156144,"FALSE",
1156145,"FALSE",
1156146,"FALSE",
1156147,"FALSE",
1156148,"FALSE",
1156149,"FALSE",
1156150,"FALSE",
1156151,"FALSE",
1156152,"FALSE",
1156153,"FALSE",
1156154,"FALSE",
1156155,"FALSE",
1156156,"FALSE",
1156157,"FALSE",
1156158,"FALSE",
1156159,"FALSE",
1156160,"FALSE",
1156161,"FALSE",
1156163,"FALSE",
1156164,"FALSE",
1156165,"FALSE",
1156166,"FALSE",
1156167,"FALSE",
1156168,"FALSE",
1156169,"FALSE",
1156170,"FALSE",
1156171,"FALSE",
1156172,"FALSE",
1156173,"FALSE",
1156174,"FALSE",
1156175,"FALSE",
1156176,"FALSE",
1156177,"FALSE",
1156178,"FALSE",
1156179,"FALSE",
1156180,"FALSE",
1156181,"FALSE",
1156182,"FALSE",
1156183,"FALSE",
1156184,"FALSE",
1156185,"FALSE",
1156186,"FALSE",
1156187,"FALSE",
1156188,"FALSE",
1156189,"FALSE",
1156190,"FALSE",
1156191,"FALSE",
1156192,"FALSE",
1156193,"FALSE",
1156195,"FALSE",
1156196,"FALSE",
1156197,"FALSE",
1156198,"FALSE",
1156199,"FALSE",
1156200,"FALSE",
1156201,"FALSE",
1156202,"FALSE",
1156203,"FALSE",
1156204,"FALSE",
1156205,"FALSE",
1156206,"FALSE",
1156207,"FALSE",
1156208,"FALSE",
1156209,"FALSE",
1156210,"FALSE",
1156211,"FALSE",
1156212,"FALSE",
1156214,"FALSE",
1156215,"FALSE",
1156216,"FALSE",
1156217,"FALSE",
1156219,"FALSE",
1156220,"FALSE",
1156221,"FALSE",
1156222,"FALSE",
1156223,"FALSE",
1156225,"FALSE",
1156226,"FALSE",
1156228,"FALSE",
1156229,"FALSE",
1156230,"FALSE",
1156232,"FALSE",
1156233,"FALSE",
1156234,"FALSE",
1156235,"FALSE",
1156236,"FALSE",
1156237,"FALSE",
1156239,"FALSE",
1156240,"FALSE",
1156241,"FALSE",
1156242,"FALSE",
1156243,"FALSE",
1156245,"FALSE",
1156246,"FALSE",
1156247,"FALSE",
1156248,"FALSE",
1156249,"FALSE",
1156250,"FALSE",
1156251,"FALSE",
1156252,"FALSE",
1156253,"FALSE",
1156254,"FALSE",
1156255,"FALSE",
1156256,"FALSE",
1156257,"FALSE",
1156258,"FALSE",
1156259,"FALSE",
1156260,"FALSE",
1156261,"FALSE",
1156262,"TRUE","Mesozoic"
1156263,"TRUE","Mesozoic"
1156264,"FALSE",
1156265,"FALSE",
1156266,"FALSE",
1156267,"FALSE",
1156268,"FALSE",
1156269,"FALSE",
1156270,"FALSE",
1156271,"FALSE",
1156272,"FALSE",
1156273,"FALSE",
1156274,"FALSE",
1156275,"FALSE",
1156276,"FALSE",
1156277,"FALSE",
1156278,"FALSE",
1156279,"FALSE",
1156280,"FALSE",
1156281,"FALSE",
1156282,"FALSE",
1156283,"FALSE",
1156284,"FALSE",
1156285,"FALSE",
1156286,"FALSE",
1156287,"FALSE",
1156288,"FALSE",
1156289,"FALSE",
1156290,"FALSE",
1156291,"FALSE",
1156292,"FALSE",
1156293,"FALSE",
1156294,"FALSE",
1156295,"FALSE",
1156296,"FALSE",
1156297,"FALSE",
1156298,"FALSE",
1156299,"FALSE",
1156300,"FALSE",
1156301,"FALSE",
1156302,"FALSE",
1156303,"FALSE",
1156304,"FALSE",
1156305,"FALSE",
1156306,"FALSE",
1156307,"FALSE",
1156308,"FALSE",
1156309,"FALSE",
1156310,"FALSE",
1156311,"FALSE",
1156312,"FALSE",
1156313,"FALSE",
1156314,"FALSE",
1156315,"FALSE",
1156316,"FALSE",
1156317,"FALSE",
1156318,"FALSE",
1156319,"FALSE",
1156320,"FALSE",
1156321,"FALSE",
1156322,"FALSE",
1156323,"FALSE",
1156324,"FALSE",
1156325,"FALSE",
1156326,"FALSE",
1156327,"FALSE",
1156328,"FALSE",
1156329,"FALSE",
1156330,"FALSE",
1156331,"FALSE",
1156332,"FALSE",
1156333,"FALSE",
1156334,"FALSE",
1156335,"FALSE",
1156336,"FALSE",
1156337,"FALSE",
1156338,"FALSE",
1156339,"FALSE",
1156340,"FALSE",
1156341,"FALSE",
1156342,"FALSE",
1156343,"FALSE",
1156344,"FALSE",
1156345,"FALSE",
1156346,"FALSE",
1156347,"FALSE",
1156348,"FALSE",
1156349,"FALSE",
1156350,"FALSE",
1156351,"FALSE",
1156352,"FALSE",
1156353,"FALSE",
1156354,"FALSE",
1156355,"FALSE",
1156356,"FALSE",
1156357,"FALSE",
1156358,"FALSE",
1156359,"FALSE",
1156360,"FALSE",
1156361,"FALSE",
1156362,"FALSE",
1156363,"FALSE",
1156364,"FALSE",
1156365,"FALSE",
1156366,"FALSE",
1156367,"FALSE",
1156368,"FALSE",
1156369,"FALSE",
1156370,"FALSE",
1156371,"FALSE",
1156372,"FALSE",
1156373,"FALSE",
1156374,"FALSE",
1156375,"FALSE",
1156376,"FALSE",
1156377,"FALSE",
1156378,"FALSE",
1156379,"FALSE",
1156380,"FALSE",
1156381,"FALSE",
1156382,"FALSE",
1156383,"FALSE",
1156384,"FALSE",
1156385,"FALSE",
1156386,"FALSE",
1156387,"FALSE",
1156388,"FALSE",
1156389,"FALSE",
1156390,"FALSE",
1156391,"FALSE",
1156392,"FALSE",
1156393,"FALSE",
1156394,"FALSE",
1156395,"FALSE",
1156396,"FALSE",
1156397,"FALSE",
1156398,"FALSE",
1156399,"FALSE",
1156400,"FALSE",
1156401,"FALSE",
1156402,"FALSE",
1156403,"FALSE",
1156404,"FALSE",
1156405,"FALSE",
1156406,"FALSE",
1156407,"FALSE",
1156408,"FALSE",
1156409,"FALSE",
1156410,"FALSE",
1156411,"FALSE",
1156412,"FALSE",
1156413,"FALSE",
1156414,"FALSE",
1156415,"FALSE",
1156416,"FALSE",
1156417,"FALSE",
1156418,"FALSE",
1156419,"FALSE",
1156420,"FALSE",
1156421,"FALSE",
1156422,"FALSE",
1156423,"FALSE",
1156424,"FALSE",
1156425,"FALSE",
1156426,"FALSE",
1156427,"FALSE",
1156428,"FALSE",
1156429,"FALSE",
1156430,"FALSE",
1156431,"FALSE",
1156432,"FALSE",
1156433,"FALSE",
1156434,"FALSE",
1156435,"FALSE",
1156436,"FALSE",
1156437,"FALSE",
1156438,"FALSE",
1156439,"FALSE",
1156440,"FALSE",
1156441,"FALSE",
1156442,"FALSE",
1156443,"FALSE",
1156444,"FALSE",
1156445,"FALSE",
1156446,"FALSE",
1156447,"FALSE",
1156448,"FALSE",
1156449,"FALSE",
1156451,"FALSE",
1156452,"FALSE",
1156453,"FALSE",
1156454,"FALSE",
1156455,"FALSE",
1156456,"FALSE",
1156457,"FALSE",
1156458,"FALSE",
1156459,"FALSE",
1156460,"FALSE",
1156461,"FALSE",
1156462,"FALSE",
1156463,"FALSE",
1156464,"FALSE",
1156465,"FALSE",
1156466,"FALSE",
1156467,"FALSE",
1156468,"FALSE",
1156469,"FALSE",
1156470,"FALSE",
1156471,"FALSE",
1156472,"FALSE",
1156473,"FALSE",
1156474,"FALSE",
1156475,"FALSE",
1156476,"FALSE",
1156477,"FALSE",
1156478,"FALSE",
1156479,"FALSE",
1156480,"FALSE",
1156481,"FALSE",
1156482,"FALSE",
1156483,"FALSE",
1156484,"FALSE",
1156485,"FALSE",
1156486,"FALSE",
1156487,"FALSE",
1156488,"FALSE",
1156489,"FALSE",
1156490,"FALSE",
1156491,"FALSE",
1156492,"FALSE",
1156493,"FALSE",
1156494,"FALSE",
1156495,"FALSE",
1156496,"FALSE",
1156497,"FALSE",
1156498,"FALSE",
1156499,"FALSE",
1156500,"FALSE",
1156501,"FALSE",
1156502,"FALSE",
1156503,"FALSE",
1156504,"FALSE",
1156505,"FALSE",
1156506,"FALSE",
1156507,"FALSE",
1156508,"FALSE",
1156509,"FALSE",
1156510,"FALSE",
1156511,"FALSE",
1156512,"FALSE",
1156513,"FALSE",
1156514,"FALSE",
1156515,"FALSE",
1156516,"FALSE",
1156517,"FALSE",
1156518,"FALSE",
1156519,"FALSE",
1156520,"FALSE",
1156521,"FALSE",
1156522,"FALSE",
1156523,"FALSE",
1156524,"FALSE",
1156525,"FALSE",
1156526,"FALSE",
1156527,"FALSE",
1156528,"FALSE",
1156529,"FALSE",
1156530,"FALSE",
1156531,"FALSE",
1156532,"FALSE",
1156533,"FALSE",
1156534,"FALSE",
1156535,"FALSE",
1156536,"FALSE",
1156537,"FALSE",
1156538,"FALSE",
1156539,"FALSE",
1156540,"FALSE",
1156541,"FALSE",
1156542,"FALSE",
1156543,"FALSE",
1156544,"FALSE",
1156545,"FALSE",
1156546,"FALSE",
1156547,"FALSE",
1156548,"FALSE",
1156549,"FALSE",
1156550,"FALSE",
1156551,"FALSE",
1156552,"FALSE",
1156553,"FALSE",
1156554,"FALSE",
1156555,"FALSE",
1156556,"FALSE",
1156557,"FALSE",
1156558,"FALSE",
1156559,"FALSE",
1156560,"FALSE",
1156561,"FALSE",
1156562,"FALSE",
1156563,"FALSE",
1156564,"FALSE",
1156565,"FALSE",
1156566,"FALSE",
1156567,"FALSE",
1156568,"FALSE",
1156569,"FALSE",
1156570,"FALSE",
1156571,"FALSE",
1156572,"FALSE",
1156573,"FALSE",
1156574,"FALSE",
1156575,"FALSE",
1156576,"FALSE",
1156577,"FALSE",
1156578,"FALSE",
1156579,"FALSE",
1156580,"FALSE",
1156581,"FALSE",
1156582,"FALSE",
1156583,"FALSE",
1156584,"FALSE",
1156585,"FALSE",
1156586,"FALSE",
1156587,"FALSE",
1156588,"FALSE",
1156589,"FALSE",
1156590,"FALSE",
1156591,"FALSE",
1156592,"FALSE",
1156593,"FALSE",
1156594,"FALSE",
1156595,"FALSE",
1156596,"FALSE",
1156597,"FALSE",
1156598,"FALSE",
1156599,"FALSE",
1156600,"FALSE",
1156601,"FALSE",
1156602,"FALSE",
1156603,"FALSE",
1156604,"FALSE",
1156605,"FALSE",
1156606,"FALSE",
1156607,"FALSE",
1156608,"FALSE",
1156609,"FALSE",
1156610,"FALSE",
1156611,"FALSE",
1156612,"FALSE",
1156613,"FALSE",
1156614,"FALSE",
1156615,"FALSE",
1156616,"FALSE",
1156617,"FALSE",
1156618,"FALSE",
1156619,"FALSE",
1156620,"FALSE",
1156621,"FALSE",
1156622,"FALSE",
1156623,"FALSE",
1156624,"FALSE",
1156625,"FALSE",
1156626,"FALSE",
1156627,"FALSE",
1156628,"FALSE",
1156629,"FALSE",
1156630,"FALSE",
1156631,"FALSE",
1156632,"FALSE",
1156633,"FALSE",
1156634,"FALSE",
1156635,"FALSE",
1156636,"FALSE",
1156637,"FALSE",
1156638,"FALSE",
1156639,"FALSE",
1156640,"FALSE",
1156641,"FALSE",
1156642,"FALSE",
1156643,"FALSE",
1156644,"FALSE",
1156645,"FALSE",
1156646,"FALSE",
1156647,"FALSE",
1156648,"FALSE",
1156649,"FALSE",
1156650,"FALSE",
1156651,"FALSE",
1156652,"FALSE",
1156653,"FALSE",
1156654,"FALSE",
1156655,"FALSE",
1156656,"FALSE",
1156657,"FALSE",
1156658,"FALSE",
1156659,"FALSE",
1156660,"FALSE",
1156661,"FALSE",
1156662,"FALSE",
1156663,"FALSE",
1156664,"FALSE",
1156665,"FALSE",
1156666,"FALSE",
1156667,"FALSE",
1156668,"FALSE",
1156669,"FALSE",
1156670,"FALSE",
1156671,"FALSE",
1156672,"FALSE",
1156673,"FALSE",
1156674,"FALSE",
1156675,"FALSE",
1156676,"FALSE",
1156677,"FALSE",
1156678,"FALSE",
1156679,"FALSE",
1156680,"FALSE",
1156681,"FALSE",
1156682,"FALSE",
1156683,"FALSE",
1156684,"FALSE",
1156685,"FALSE",
1156686,"FALSE",
1156687,"FALSE",
1156688,"FALSE",
1156689,"FALSE",
1156690,"FALSE",
1156691,"FALSE",
1156692,"FALSE",
1156693,"FALSE",
1156694,"FALSE",
1156695,"FALSE",
1156696,"FALSE",
1156697,"FALSE",
1156698,"FALSE",
1156699,"FALSE",
1156700,"FALSE",
1156701,"FALSE",
1156702,"FALSE",
1156703,"FALSE",
1156704,"FALSE",
1156705,"FALSE",
1156706,"FALSE",
1156707,"FALSE",
1156708,"FALSE",
1156709,"FALSE",
1156710,"FALSE",
1156711,"FALSE",
1156712,"FALSE",
1156713,"FALSE",
1156714,"FALSE",
1156715,"FALSE",
1156716,"FALSE",
1156717,"FALSE",
1156718,"FALSE",
1156719,"FALSE",
1156720,"FALSE",
1156721,"FALSE",
1156722,"FALSE",
1156723,"FALSE",
1156724,"FALSE",
1156725,"FALSE",
1156726,"FALSE",
1156727,"FALSE",
1156728,"FALSE",
1156729,"FALSE",
1156730,"FALSE",
1156731,"FALSE",
1156732,"FALSE",
1156733,"FALSE",
1156734,"FALSE",
1156735,"FALSE",
1156736,"FALSE",
1156737,"FALSE",
1156738,"FALSE",
1156739,"FALSE",
1156740,"FALSE",
1156741,"FALSE",
1156742,"FALSE",
1156743,"FALSE",
1156744,"FALSE",
1156745,"FALSE",
1156746,"FALSE",
1156747,"FALSE",
1156748,"FALSE",
1156749,"FALSE",
1156750,"FALSE",
1156751,"FALSE",
1156752,"FALSE",
1156753,"FALSE",
1156754,"FALSE",
1156755,"FALSE",
1156756,"FALSE",
1156757,"FALSE",
1156758,"FALSE",
1156759,"FALSE",
1156760,"FALSE",
1156761,"FALSE",
1156762,"FALSE",
1156763,"FALSE",
1156764,"FALSE",
1156765,"FALSE",
1156766,"FALSE",
1156767,"FALSE",
1156768,"FALSE",
1156769,"FALSE",
1156770,"FALSE",
1156771,"FALSE",
1156772,"FALSE",
1156773,"FALSE",
1156774,"FALSE",
1156775,"FALSE",
1156776,"FALSE",
1156777,"FALSE",
1156778,"FALSE",
1156779,"FALSE",
1156780,"FALSE",
1156781,"FALSE",
1156782,"FALSE",
1156783,"FALSE",
1156784,"FALSE",
1156785,"FALSE",
1156786,"FALSE",
1156787,"FALSE",
1156788,"FALSE",
1156789,"FALSE",
1156790,"FALSE",
1156791,"FALSE",
1156792,"FALSE",
1156793,"FALSE",
1156794,"FALSE",
1156795,"FALSE",
1156796,"FALSE",
1156797,"FALSE",
1156798,"FALSE",
1156799,"FALSE",
1156800,"FALSE",
1156801,"FALSE",
1156802,"FALSE",
1156803,"FALSE",
1156804,"FALSE",
1156805,"FALSE",
1156806,"FALSE",
1156807,"FALSE",
1156808,"FALSE",
1156809,"FALSE",
1156810,"FALSE",
1156811,"FALSE",
1156812,"FALSE",
1156813,"FALSE",
1156814,"FALSE",
1156815,"FALSE",
1156816,"FALSE",
1156817,"FALSE",
1156818,"FALSE",
1156819,"FALSE",
1156820,"FALSE",
1156821,"FALSE",
1156822,"FALSE",
1156823,"FALSE",
1156824,"FALSE",
1156825,"FALSE",
1156826,"FALSE",
1156827,"FALSE",
1156828,"FALSE",
1156829,"FALSE",
1156830,"FALSE",
1156831,"FALSE",
1156832,"FALSE",
1156833,"FALSE",
1156834,"FALSE",
1156835,"FALSE",
1156836,"FALSE",
1156837,"FALSE",
1156838,"FALSE",
1156839,"FALSE",
1156840,"FALSE",
1156841,"FALSE",
1156842,"FALSE",
1156843,"FALSE",
1156844,"FALSE",
1156845,"FALSE",
1156846,"FALSE",
1156847,"FALSE",
1156848,"FALSE",
1156849,"FALSE",
1156850,"FALSE",
1156851,"FALSE",
1156852,"FALSE",
1156853,"FALSE",
1156854,"FALSE",
1156855,"FALSE",
1156856,"FALSE",
1156857,"FALSE",
1156858,"FALSE",
1156859,"FALSE",
1156860,"FALSE",
1156861,"FALSE",
1156862,"FALSE",
1156863,"FALSE",
1156864,"FALSE",
1156865,"FALSE",
1156866,"FALSE",
1156867,"FALSE",
1156868,"FALSE",
1156869,"FALSE",
1156870,"FALSE",
1156871,"FALSE",
1156872,"FALSE",
1156873,"FALSE",
1156874,"FALSE",
1156875,"FALSE",
1156876,"FALSE",
1156877,"FALSE",
1156878,"FALSE",
1156879,"FALSE",
1156880,"FALSE",
1156881,"FALSE",
1156882,"FALSE",
1156883,"FALSE",
1156884,"FALSE",
1156885,"FALSE",
1156886,"FALSE",
1156887,"FALSE",
1156888,"FALSE",
1156889,"FALSE",
1156890,"FALSE",
1156891,"FALSE",
1156892,"FALSE",
1156893,"FALSE",
1156894,"FALSE",
1156895,"FALSE",
1156896,"FALSE",
1156897,"FALSE",
1156898,"FALSE",
1156899,"FALSE",
1156900,"FALSE",
1156901,"FALSE",
1156902,"FALSE",
1156903,"FALSE",
1156904,"FALSE",
1156905,"FALSE",
1156906,"FALSE",
1156907,"FALSE",
1156908,"FALSE",
1156909,"FALSE",
1156910,"FALSE",
1156911,"FALSE",
1156912,"FALSE",
1156913,"FALSE",
1156914,"FALSE",
1156915,"FALSE",
1156916,"FALSE",
1156917,"FALSE",
1156918,"FALSE",
1156919,"FALSE",
1156920,"FALSE",
1156921,"FALSE",
1156922,"FALSE",
1156923,"FALSE",
1156924,"FALSE",
1156925,"FALSE",
1156926,"FALSE",
1156927,"FALSE",
1156928,"FALSE",
1156929,"FALSE",
1156930,"FALSE",
1156931,"FALSE",
1156932,"FALSE",
1156933,"FALSE",
1156934,"FALSE",
1156935,"FALSE",
1156936,"FALSE",
1156937,"FALSE",
1156938,"FALSE",
1156939,"FALSE",
1156940,"FALSE",
1156941,"FALSE",
1156942,"FALSE",
1156943,"FALSE",
1156944,"FALSE",
1156945,"FALSE",
1156946,"FALSE",
1156947,"FALSE",
1156948,"FALSE",
1156949,"FALSE",
1156950,"FALSE",
1156951,"FALSE",
1156952,"FALSE",
1156953,"FALSE",
1156954,"FALSE",
1156955,"FALSE",
1156956,"FALSE",
1156957,"FALSE",
1156958,"FALSE",
1156959,"FALSE",
1156960,"FALSE",
1156961,"FALSE",
1156962,"FALSE",
1156963,"FALSE",
1156964,"FALSE",
1156965,"FALSE",
1156966,"FALSE",
1156967,"FALSE",
1156968,"FALSE",
1156969,"FALSE",
1156970,"FALSE",
1156971,"FALSE",
1156972,"FALSE",
1156973,"FALSE",
1156974,"FALSE",
1156975,"FALSE",
1156976,"FALSE",
1156977,"FALSE",
1156978,"FALSE",
1156979,"FALSE",
1156980,"FALSE",
1156981,"FALSE",
1156982,"FALSE",
1156987,"FALSE",
1156989,"FALSE",
1156996,"FALSE",
1157003,"FALSE",
1157004,"FALSE",
1157005,"FALSE",
1157006,"FALSE",
1157007,"FALSE",
1157008,"FALSE",
1157009,"FALSE",
1157010,"FALSE",
1157011,"FALSE",
1157012,"FALSE",
1157013,"FALSE",
1157014,"FALSE",
1157015,"FALSE",
1157016,"FALSE",
1157017,"FALSE",
1157018,"FALSE",
1157019,"FALSE",
1157020,"FALSE",
1157021,"FALSE",
1157022,"FALSE",
1157023,"FALSE",
1157024,"FALSE",
1157025,"FALSE",
1157026,"FALSE",
1157027,"FALSE",
1157028,"FALSE",
1157029,"FALSE",
1157030,"FALSE",
1157031,"FALSE",
1157032,"FALSE",
1157033,"FALSE",
1157034,"FALSE",
1157035,"FALSE",
1157036,"FALSE",
1157037,"FALSE",
1157038,"FALSE",
1157039,"FALSE",
1157040,"FALSE",
1157041,"FALSE",
1157042,"FALSE",
1157043,"FALSE",
1157044,"FALSE",
1157045,"FALSE",
1157046,"FALSE",
1157047,"FALSE",
1157048,"FALSE",
1157049,"FALSE",
1157050,"FALSE",
1157051,"FALSE",
1157052,"FALSE",
1157053,"FALSE",
1157054,"FALSE",
1157055,"FALSE",
1157056,"FALSE",
1157057,"FALSE",
1157058,"FALSE",
1157059,"FALSE",
1157060,"FALSE",
1157061,"FALSE",
1157062,"FALSE",
1157063,"FALSE",
1157064,"FALSE",
1157065,"FALSE",
1157066,"FALSE",
1157067,"FALSE",
1157068,"FALSE",
1157069,"FALSE",
1157070,"FALSE",
1157071,"FALSE",
1157072,"FALSE",
1157073,"FALSE",
1157074,"FALSE",
1157075,"FALSE",
1157076,"FALSE",
1157077,"FALSE",
1157078,"FALSE",
1157079,"FALSE",
1157080,"FALSE",
1157081,"FALSE",
1157082,"FALSE",
1157083,"FALSE",
1157084,"FALSE",
1157085,"FALSE",
1157086,"FALSE",
1157087,"FALSE",
1157088,"FALSE",
1157089,"FALSE",
1157090,"FALSE",
1157091,"FALSE",
1157092,"FALSE",
1157093,"FALSE",
1157094,"FALSE",
1157095,"FALSE",
1157096,"FALSE",
1157097,"FALSE",
1157098,"FALSE",
1157099,"FALSE",
1157100,"FALSE",
1157101,"FALSE",
1157102,"FALSE",
1157103,"FALSE",
1157104,"FALSE",
1157105,"FALSE",
1157106,"FALSE",
1157107,"FALSE",
1157108,"FALSE",
1157109,"FALSE",
1157110,"FALSE",
1157111,"FALSE",
1157112,"FALSE",
1157113,"FALSE",
1157114,"FALSE",
1157115,"FALSE",
1157116,"FALSE",
1157117,"FALSE",
1157118,"FALSE",
1157119,"FALSE",
1157120,"FALSE",
1157121,"FALSE",
1157122,"FALSE",
1157123,"FALSE",
1157124,"FALSE",
1157125,"FALSE",
1157126,"FALSE",
1157127,"FALSE",
1157128,"FALSE",
1157129,"FALSE",
1157130,"FALSE",
1157131,"FALSE",
1157132,"FALSE",
1157133,"FALSE",
1157134,"FALSE",
1157135,"FALSE",
1157136,"FALSE",
1157137,"FALSE",
1157138,"FALSE",
1157139,"FALSE",
1157140,"FALSE",
1157141,"FALSE",
1157142,"FALSE",
1157143,"FALSE",
1157144,"FALSE",
1157145,"FALSE",
1157146,"FALSE",
1157147,"FALSE",
1157148,"FALSE",
1157149,"FALSE",
1157150,"FALSE",
1157151,"FALSE",
1157152,"FALSE",
1157153,"FALSE",
1157154,"FALSE",
1157155,"FALSE",
1157156,"FALSE",
1157157,"FALSE",
1157158,"FALSE",
1157159,"FALSE",
1157160,"FALSE",
1157161,"FALSE",
1157162,"FALSE",
1157163,"FALSE",
1157164,"FALSE",
1157165,"FALSE",
1157166,"FALSE",
1157167,"FALSE",
1157168,"FALSE",
1157169,"FALSE",
1157170,"FALSE",
1157171,"FALSE",
1157172,"FALSE",
1157173,"FALSE",
1157174,"FALSE",
1157175,"FALSE",
1157176,"FALSE",
1157177,"FALSE",
1157178,"FALSE",
1157179,"FALSE",
1157180,"FALSE",
1157181,"FALSE",
1157182,"FALSE",
1157183,"FALSE",
1157184,"FALSE",
1157185,"FALSE",
1157186,"FALSE",
1157187,"FALSE",
1157188,"FALSE",
1157189,"FALSE",
1157191,"FALSE",
1157192,"FALSE",
1157193,"FALSE",
1157194,"FALSE",
1157195,"FALSE",
1157196,"FALSE",
1157197,"FALSE",
1157198,"FALSE",
1157199,"FALSE",
1157200,"FALSE",
1157201,"FALSE",
1157202,"FALSE",
1157203,"FALSE",
1157204,"FALSE",
1157205,"FALSE",
1157206,"FALSE",
1157207,"FALSE",
1157208,"FALSE",
1157209,"FALSE",
1157210,"FALSE",
1157211,"FALSE",
1157212,"FALSE",
1157213,"FALSE",
1157214,"FALSE",
1157215,"FALSE",
1157216,"FALSE",
1157217,"FALSE",
1157218,"FALSE",
1157219,"FALSE",
1157220,"FALSE",
1157221,"FALSE",
1157222,"FALSE",
1157223,"FALSE",
1157224,"FALSE",
1157225,"FALSE",
1157226,"FALSE",
1157227,"FALSE",
1157228,"FALSE",
1157229,"FALSE",
1157230,"FALSE",
1157231,"FALSE",
1157232,"FALSE",
1157233,"FALSE",
1157234,"FALSE",
1157235,"FALSE",
1157236,"FALSE",
1157237,"FALSE",
1157238,"FALSE",
1157239,"FALSE",
1157240,"FALSE",
1157241,"FALSE",
1157242,"FALSE",
1157243,"FALSE",
1157244,"FALSE",
1157245,"FALSE",
1157246,"FALSE",
1157247,"FALSE",
1157248,"FALSE",
1157249,"FALSE",
1157250,"FALSE",
1157251,"FALSE",
1157252,"FALSE",
1157253,"FALSE",
1157254,"FALSE",
1157255,"FALSE",
1157256,"FALSE",
1157257,"FALSE",
1157258,"FALSE",
1157259,"FALSE",
1157260,"FALSE",
1157261,"FALSE",
1157262,"FALSE",
1157263,"FALSE",
1157264,"FALSE",
1157265,"FALSE",
1157266,"FALSE",
1157267,"FALSE",
1157268,"FALSE",
1157269,"FALSE",
1157270,"FALSE",
1157271,"FALSE",
1157272,"FALSE",
1157273,"FALSE",
1157274,"FALSE",
1157275,"FALSE",
1157276,"FALSE",
1157277,"FALSE",
1157278,"FALSE",
1157279,"FALSE",
1157280,"FALSE",
1157281,"FALSE",
1157282,"FALSE",
1157283,"FALSE",
1157284,"FALSE",
1157285,"FALSE",
1157286,"FALSE",
1157287,"FALSE",
1157288,"FALSE",
1157289,"FALSE",
1157290,"FALSE",
1157291,"FALSE",
1157292,"FALSE",
1157293,"FALSE",
1157294,"FALSE",
1157295,"FALSE",
1157296,"FALSE",
1157297,"FALSE",
1157298,"FALSE",
1157299,"FALSE",
1157300,"FALSE",
1157301,"FALSE",
1157302,"FALSE",
1157303,"FALSE",
1157304,"FALSE",
1157305,"FALSE",
1157306,"FALSE",
1157307,"FALSE",
1157308,"FALSE",
1157309,"FALSE",
1157310,"FALSE",
1157311,"FALSE",
1157312,"FALSE",
1157313,"FALSE",
1157314,"FALSE",
1157315,"FALSE",
1157316,"FALSE",
1157317,"FALSE",
1157318,"FALSE",
1157319,"FALSE",
1157320,"FALSE",
1157321,"FALSE",
1157322,"FALSE",
1157323,"FALSE",
1157324,"FALSE",
1157325,"FALSE",
1157326,"FALSE",
1157327,"FALSE",
1157328,"FALSE",
1157329,"FALSE",
1157330,"FALSE",
1157331,"FALSE",
1157332,"FALSE",
1157333,"FALSE",
1157334,"FALSE",
1157335,"FALSE",
1157336,"FALSE",
1157337,"FALSE",
1157338,"FALSE",
1157339,"FALSE",
1157340,"FALSE",
1157341,"FALSE",
1157342,"FALSE",
1157343,"FALSE",
1157344,"FALSE",
1157345,"FALSE",
1157346,"FALSE",
1157347,"FALSE",
1157348,"FALSE",
1157349,"TRUE","unspecified"
1157350,"TRUE","unspecified"
1157351,"TRUE","unspecified"
1157352,"TRUE","unspecified"
1157353,"FALSE",
1157354,"FALSE",
1157355,"FALSE",
1157356,"FALSE",
1157357,"FALSE",
1157358,"FALSE",
1157359,"FALSE",
1157360,"FALSE",
1157361,"FALSE",
1157362,"FALSE",
1157363,"FALSE",
1157364,"FALSE",
1157365,"FALSE",
1157366,"FALSE",
1157367,"FALSE",
1157368,"FALSE",
1157369,"FALSE",
1157370,"FALSE",
1157371,"FALSE",
1157372,"FALSE",
1157373,"FALSE",
1157374,"FALSE",
1157375,"FALSE",
1157376,"FALSE",
1157377,"FALSE",
1157378,"FALSE",
1157379,"FALSE",
1157380,"FALSE",
1157381,"FALSE",
1157382,"FALSE",
1157383,"FALSE",
1157384,"FALSE",
1157385,"FALSE",
1157386,"FALSE",
1157387,"FALSE",
1157388,"FALSE",
1157389,"FALSE",
1157390,"FALSE",
1157391,"FALSE",
1157392,"FALSE",
1157393,"FALSE",
1157394,"FALSE",
1157395,"FALSE",
1157396,"FALSE",
1157397,"FALSE",
1157398,"FALSE",
1157399,"FALSE",
1157400,"FALSE",
1157401,"FALSE",
1157402,"FALSE",
1157403,"FALSE",
1157404,"FALSE",
1157405,"FALSE",
1157406,"FALSE",
1157407,"FALSE",
1157408,"FALSE",
1157409,"FALSE",
1157410,"FALSE",
1157411,"FALSE",
1157412,"FALSE",
1157413,"FALSE",
1157414,"FALSE",
1157415,"FALSE",
1157416,"FALSE",
1157417,"FALSE",
1157418,"FALSE",
1157419,"FALSE",
1157420,"FALSE",
1157421,"FALSE",
1157422,"FALSE",
1157423,"FALSE",
1157424,"FALSE",
1157425,"FALSE",
1157426,"FALSE",
1157427,"FALSE",
1157428,"FALSE",
1157429,"FALSE",
1157430,"FALSE",
1157431,"FALSE",
1157432,"FALSE",
1157433,"FALSE",
1157434,"FALSE",
1157435,"FALSE",
1157436,"FALSE",
1157437,"FALSE",
1157438,"FALSE",
1157439,"FALSE",
1157440,"FALSE",
1157441,"FALSE",
1157442,"FALSE",
1157443,"FALSE",
1157444,"FALSE",
1157445,"FALSE",
1157446,"FALSE",
1157447,"FALSE",
1157448,"FALSE",
1157449,"FALSE",
1157450,"FALSE",
1157451,"FALSE",
1157452,"FALSE",
1157453,"FALSE",
1157454,"FALSE",
1157455,"FALSE",
1157456,"FALSE",
1157457,"FALSE",
1157458,"FALSE",
1157459,"FALSE",
1157460,"FALSE",
1157461,"FALSE",
1157462,"FALSE",
1157463,"FALSE",
1157464,"FALSE",
1157465,"FALSE",
1157466,"FALSE",
1157467,"FALSE",
1157468,"FALSE",
1157469,"FALSE",
1157470,"FALSE",
1157471,"FALSE",
1157472,"FALSE",
1157473,"FALSE",
1157474,"FALSE",
1157475,"FALSE",
1157476,"FALSE",
1157477,"FALSE",
1157478,"FALSE",
1157479,"FALSE",
1157480,"FALSE",
1157481,"FALSE",
1157482,"FALSE",
1157483,"FALSE",
1157484,"FALSE",
1157485,"FALSE",
1157486,"FALSE",
1157487,"FALSE",
1157488,"FALSE",
1157489,"FALSE",
1157490,"FALSE",
1157491,"FALSE",
1157492,"FALSE",
1157493,"FALSE",
1157494,"FALSE",
1157495,"FALSE",
1157496,"FALSE",
1157497,"FALSE",
1157498,"FALSE",
1157499,"FALSE",
1157500,"FALSE",
1157501,"FALSE",
1157502,"FALSE",
1157503,"FALSE",
1157504,"FALSE",
1157505,"FALSE",
1157506,"FALSE",
1157507,"FALSE",
1157508,"FALSE",
1157509,"FALSE",
1157510,"FALSE",
1157511,"FALSE",
1157512,"FALSE",
1157513,"FALSE",
1157514,"FALSE",
1157515,"FALSE",
1157516,"FALSE",
1157517,"FALSE",
1157518,"FALSE",
1157519,"FALSE",
1157520,"FALSE",
1157521,"FALSE",
1157522,"FALSE",
1157523,"FALSE",
1157524,"FALSE",
1157525,"FALSE",
1157526,"FALSE",
1157527,"FALSE",
1157528,"FALSE",
1157529,"FALSE",
1157530,"FALSE",
1157531,"FALSE",
1157532,"FALSE",
1157533,"FALSE",
1157534,"FALSE",
1157535,"FALSE",
1157536,"FALSE",
1157537,"FALSE",
1157538,"FALSE",
1157539,"FALSE",
1157540,"FALSE",
1157541,"FALSE",
1157542,"FALSE",
1157543,"FALSE",
1157544,"FALSE",
1157545,"FALSE",
1157546,"FALSE",
1157547,"FALSE",
1157548,"FALSE",
1157549,"FALSE",
1157550,"FALSE",
1157551,"FALSE",
1157552,"FALSE",
1157553,"FALSE",
1157554,"FALSE",
1157555,"FALSE",
1157556,"FALSE",
1157557,"FALSE",
1157558,"FALSE",
1157559,"FALSE",
1157560,"FALSE",
1157561,"FALSE",
1157562,"FALSE",
1157563,"FALSE",
1157564,"FALSE",
1157565,"FALSE",
1157566,"FALSE",
1157567,"FALSE",
1157568,"FALSE",
1157569,"FALSE",
1157570,"FALSE",
1157571,"FALSE",
1157572,"FALSE",
1157573,"FALSE",
1157574,"FALSE",
1157575,"FALSE",
1157576,"FALSE",
1157577,"FALSE",
1157578,"FALSE",
1157579,"FALSE",
1157580,"FALSE",
1157581,"FALSE",
1157582,"FALSE",
1157583,"FALSE",
1157584,"FALSE",
1157585,"FALSE",
1157586,"FALSE",
1157587,"FALSE",
1157588,"FALSE",
1157589,"FALSE",
1157590,"FALSE",
1157591,"FALSE",
1157592,"FALSE",
1157593,"FALSE",
1157594,"FALSE",
1157595,"FALSE",
1157596,"FALSE",
1157597,"FALSE",
1157598,"FALSE",
1157599,"FALSE",
1157600,"FALSE",
1157601,"FALSE",
1157602,"FALSE",
1157603,"FALSE",
1157604,"FALSE",
1157605,"FALSE",
1157606,"FALSE",
1157607,"FALSE",
1157608,"FALSE",
1157609,"FALSE",
1157610,"FALSE",
1157611,"FALSE",
1157612,"FALSE",
1157613,"FALSE",
1157614,"FALSE",
1157615,"FALSE",
1157616,"FALSE",
1157617,"FALSE",
1157618,"FALSE",
1157619,"FALSE",
1157620,"FALSE",
1157621,"FALSE",
1157622,"FALSE",
1157623,"FALSE",
1157624,"FALSE",
1157625,"FALSE",
1157626,"FALSE",
1157627,"FALSE",
1157628,"FALSE",
1157629,"FALSE",
1157630,"FALSE",
1157631,"FALSE",
1157632,"FALSE",
1157633,"FALSE",
1157634,"FALSE",
1157635,"FALSE",
1157636,"FALSE",
1157637,"FALSE",
1157638,"FALSE",
1157639,"FALSE",
1157640,"FALSE",
1157641,"FALSE",
1157642,"FALSE",
1157643,"FALSE",
1157644,"FALSE",
1157645,"FALSE",
1157646,"FALSE",
1157647,"FALSE",
1157648,"FALSE",
1157649,"FALSE",
1157650,"FALSE",
1157651,"FALSE",
1157652,"FALSE",
1157653,"FALSE",
1157654,"FALSE",
1157655,"FALSE",
1157656,"FALSE",
1157657,"FALSE",
1157658,"FALSE",
1157659,"FALSE",
1157660,"FALSE",
1157661,"FALSE",
1157662,"FALSE",
1157663,"FALSE",
1157664,"FALSE",
1157665,"FALSE",
1157666,"FALSE",
1157667,"FALSE",
1157668,"FALSE",
1157669,"FALSE",
1157670,"FALSE",
1157671,"FALSE",
1157672,"TRUE","unspecified"
1157673,"FALSE",
1157674,"FALSE",
1157675,"FALSE",
1157676,"FALSE",
1157677,"FALSE",
1157678,"FALSE",
1157679,"FALSE",
1157680,"FALSE",
1157681,"FALSE",
1157682,"FALSE",
1157683,"FALSE",
1157684,"FALSE",
1157685,"FALSE",
1157686,"FALSE",
1157687,"FALSE",
1157688,"FALSE",
1157689,"FALSE",
1157690,"FALSE",
1157691,"FALSE",
1157692,"FALSE",
1157693,"FALSE",
1157694,"FALSE",
1157695,"FALSE",
1157696,"FALSE",
1157697,"FALSE",
1157698,"FALSE",
1157699,"FALSE",
1157700,"FALSE",
1157701,"FALSE",
1157702,"FALSE",
1157703,"FALSE",
1157704,"FALSE",
1157705,"FALSE",
1157706,"FALSE",
1157707,"FALSE",
1157708,"FALSE",
1157709,"FALSE",
1157710,"FALSE",
1157711,"FALSE",
1157712,"FALSE",
1157713,"FALSE",
1157714,"FALSE",
1157715,"FALSE",
1157716,"FALSE",
1157717,"FALSE",
1157718,"FALSE",
1157719,"FALSE",
1157720,"FALSE",
1157721,"FALSE",
1157722,"FALSE",
1157723,"FALSE",
1157724,"FALSE",
1157725,"FALSE",
1157726,"FALSE",
1157727,"FALSE",
1157728,"FALSE",
1157729,"FALSE",
1157730,"FALSE",
1157731,"FALSE",
1157732,"FALSE",
1157733,"FALSE",
1157734,"FALSE",
1157735,"FALSE",
1157736,"FALSE",
1157737,"FALSE",
1157738,"FALSE",
1157739,"FALSE",
1157740,"FALSE",
1157741,"FALSE",
1157742,"FALSE",
1157743,"FALSE",
1157744,"FALSE",
1157745,"FALSE",
1157746,"FALSE",
1157747,"FALSE",
1157748,"FALSE",
1157749,"FALSE",
1157750,"FALSE",
1157751,"FALSE",
1157752,"FALSE",
1157753,"FALSE",
1157754,"FALSE",
1157755,"FALSE",
1157756,"FALSE",
1157757,"FALSE",
1157758,"FALSE",
1157759,"FALSE",
1157760,"FALSE",
1157761,"FALSE",
1157762,"FALSE",
1157763,"FALSE",
1157764,"FALSE",
1157765,"FALSE",
1157766,"FALSE",
1157767,"FALSE",
1157768,"FALSE",
1157769,"FALSE",
1157770,"FALSE",
1157771,"FALSE",
1157772,"FALSE",
1157773,"FALSE",
1157774,"FALSE",
1157775,"FALSE",
1157776,"FALSE",
1157777,"FALSE",
1157778,"FALSE",
1157779,"FALSE",
1157780,"FALSE",
1157781,"FALSE",
1157783,"FALSE",
1157784,"FALSE",
1157785,"FALSE",
1157786,"FALSE",
1157787,"FALSE",
1157788,"FALSE",
1157789,"FALSE",
1157790,"FALSE",
1157791,"FALSE",
1157793,"FALSE",
1157794,"FALSE",
1157795,"FALSE",
1157796,"FALSE",
1157797,"FALSE",
1157798,"FALSE",
1157800,"FALSE",
1157801,"FALSE",
1157802,"FALSE",
1157803,"FALSE",
1157804,"FALSE",
1157805,"FALSE",
1157806,"FALSE",
1157807,"FALSE",
1157808,"FALSE",
1157809,"FALSE",
1157810,"FALSE",
1157811,"FALSE",
1157812,"FALSE",
1157813,"FALSE",
1157815,"FALSE",
1157817,"FALSE",
1157818,"FALSE",
1157819,"FALSE",
1157820,"FALSE",
1157822,"FALSE",
1157823,"FALSE",
1157825,"FALSE",
1157826,"FALSE",
1157828,"FALSE",
1157829,"FALSE",
1157830,"FALSE",
1157831,"FALSE",
1157832,"FALSE",
1157833,"FALSE",
1157834,"FALSE",
1157836,"FALSE",
1157837,"FALSE",
1157838,"FALSE",
1157839,"FALSE",
1157840,"FALSE",
1157841,"FALSE",
1157842,"FALSE",
1157843,"FALSE",
1157844,"FALSE",
1157845,"FALSE",
1157847,"FALSE",
1157848,"FALSE",
1157850,"FALSE",
1157851,"FALSE",
1157852,"FALSE",
1157853,"FALSE",
1157854,"FALSE",
1157855,"FALSE",
1157856,"FALSE",
1157857,"FALSE",
1157858,"FALSE",
1157859,"FALSE",
1157860,"FALSE",
1157861,"FALSE",
1157862,"FALSE",
1157863,"FALSE",
1157864,"FALSE",
1157865,"FALSE",
1157866,"FALSE",
1157868,"FALSE",
1157870,"FALSE",
1157871,"FALSE",
1157872,"FALSE",
1157873,"FALSE",
1157874,"FALSE",
1157876,"FALSE",
1157877,"FALSE",
1157878,"FALSE",
1157879,"FALSE",
1157880,"FALSE",
1157881,"FALSE",
1157882,"FALSE",
1157883,"FALSE",
1157884,"FALSE",
1157885,"FALSE",
1157886,"FALSE",
1157887,"FALSE",
1157888,"FALSE",
1157889,"FALSE",
1157890,"FALSE",
1157891,"FALSE",
1157892,"FALSE",
1157893,"FALSE",
1157894,"TRUE","Permian"
1157895,"TRUE","unspecified"
1157896,"TRUE","unspecified"
1157897,"TRUE","unspecified"
1157898,"TRUE","unspecified"
1157899,"TRUE","Permian"
1157900,"TRUE","unspecified"
1157901,"TRUE","Permian"
1157902,"TRUE","unspecified"
1157903,"TRUE","unspecified"
1157904,"TRUE","unspecified"
1157905,"TRUE","unspecified"
1157906,"TRUE","unspecified"
1157907,"TRUE","unspecified"
1157908,"TRUE","unspecified"
1157909,"TRUE","unspecified"
1157910,"TRUE","unspecified"
1157911,"TRUE","unspecified"
1157912,"TRUE","unspecified"
1157913,"TRUE","unspecified"
1157914,"TRUE","unspecified"
1157915,"TRUE","unspecified"
1157916,"FALSE",
1157917,"FALSE",
1157918,"FALSE",
1157919,"FALSE",
1157920,"FALSE",
1157921,"FALSE",
1157922,"FALSE",
1157923,"FALSE",
1157924,"FALSE",
1157925,"FALSE",
1157926,"FALSE",
1157927,"FALSE",
1157928,"FALSE",
1157929,"FALSE",
1157930,"FALSE",
1157931,"FALSE",
1157932,"FALSE",
1157933,"FALSE",
1157934,"FALSE",
1157935,"FALSE",
1157936,"FALSE",
1157937,"FALSE",
1157938,"FALSE",
1157939,"FALSE",
1157940,"FALSE",
1157941,"FALSE",
1157942,"FALSE",
1157943,"FALSE",
1157944,"FALSE",
1157945,"FALSE",
1157946,"FALSE",
1157947,"FALSE",
1157948,"FALSE",
1157949,"FALSE",
1157950,"FALSE",
1157951,"FALSE",
1157952,"FALSE",
1157953,"FALSE",
1157954,"FALSE",
1157955,"FALSE",
1157956,"FALSE",
1157957,"FALSE",
1157958,"FALSE",
1157959,"FALSE",
1157960,"FALSE",
1157961,"FALSE",
1157962,"FALSE",
1157963,"FALSE",
1157964,"FALSE",
1157965,"FALSE",
1157966,"FALSE",
1157967,"FALSE",
1157968,"FALSE",
1157969,"FALSE",
1157970,"FALSE",
1157972,"FALSE",
1157973,"FALSE",
1157974,"FALSE",
1157975,"FALSE",
1157976,"FALSE",
1157977,"FALSE",
1157978,"FALSE",
1157979,"FALSE",
1157980,"FALSE",
1157981,"FALSE",
1157982,"FALSE",
1157983,"FALSE",
1157984,"FALSE",
1157985,"FALSE",
1157986,"FALSE",
1157987,"FALSE",
1157988,"FALSE",
1157989,"FALSE",
1157990,"FALSE",
1157992,"FALSE",
1157993,"FALSE",
1157994,"FALSE",
1157995,"FALSE",
1157996,"FALSE",
1157997,"FALSE",
1157998,"FALSE",
1157999,"FALSE",
1158000,"FALSE",
1158001,"FALSE",
1158002,"FALSE",
1158003,"FALSE",
1158004,"FALSE",
1158005,"FALSE",
1158006,"FALSE",
1158007,"FALSE",
1158008,"FALSE",
1158009,"FALSE",
1158010,"FALSE",
1158011,"FALSE",
1158012,"FALSE",
1158013,"FALSE",
1158014,"FALSE",
1158015,"FALSE",
1158016,"FALSE",
1158017,"FALSE",
1158018,"FALSE",
1158019,"FALSE",
1158020,"FALSE",
1158021,"FALSE",
1158022,"FALSE",
1158023,"FALSE",
1158024,"FALSE",
1158025,"FALSE",
1158026,"FALSE",
1158027,"FALSE",
1158028,"FALSE",
1158029,"FALSE",
1158030,"FALSE",
1158031,"FALSE",
1158032,"FALSE",
1158033,"FALSE",
1158034,"FALSE",
1158035,"FALSE",
1158036,"FALSE",
1158037,"FALSE",
1158038,"FALSE",
1158039,"FALSE",
1158040,"FALSE",
1158041,"FALSE",
1158042,"FALSE",
1158043,"FALSE",
1158044,"FALSE",
1158045,"FALSE",
1158046,"FALSE",
1158047,"FALSE",
1158048,"FALSE",
1158049,"FALSE",
1158050,"FALSE",
1158051,"FALSE",
1158052,"FALSE",
1158053,"FALSE",
1158054,"FALSE",
1158055,"FALSE",
1158056,"FALSE",
1158057,"FALSE",
1158058,"FALSE",
1158059,"FALSE",
1158060,"FALSE",
1158062,"FALSE",
1203940,"FALSE",
1203941,"FALSE",
1203942,"FALSE",
1204028,"FALSE",
1204029,"FALSE",
1204086,"FALSE",
1204089,"FALSE",
1204101,"FALSE",
1207673,"FALSE",
1207674,"FALSE",
1207749,"FALSE",
1207766,"FALSE",
